household_id,village,monthly_income,house_condition,num_dependents
1,Village C,1099509.603341146,poor,0
2,Village A,2253210.86100079,good,0
3,Village C,884265.6257028958,poor,2
4,Village C,2153742.0947716725,average,3
5,Village A,950385.8748209282,poor,3
6,Village A,1324087.913831389,poor,4
7,Village C,1819634.7689284587,poor,5
8,Village B,766896.0845519175,average,1
9,Village C,2234511.698770384,poor,1
10,Village C,1321028.0842993427,average,2
11,Village C,1568638.0678391447,average,0
12,Village C,2081100.394520376,average,3
13,Village A,1103437.327416425,average,5
14,Village C,2030406.8431276944,poor,2
15,Village B,2320266.7854461847,poor,1
16,Village A,1172210.5013352104,poor,1
17,Village B,2184693.836298147,average,1
18,Village B,619710.7028791985,average,3
19,Village B,1694800.1973972835,average,3
20,Village B,885700.7421480957,poor,3
21,Village A,1971284.2742680945,average,4
22,Village A,1930228.0242111017,poor,0
23,Village B,2538689.997795622,good,1
24,Village B,2210641.49147625,poor,1
25,Village A,1417114.4011992726,good,4
26,Village A,959126.2563505798,average,1
27,Village A,1782843.539834695,poor,1
28,Village C,1469634.2948072534,poor,3
29,Village C,2275577.5222978517,poor,3
30,Village C,416809.57829211093,poor,0
31,Village B,2594028.379644314,poor,1
32,Village C,1765995.3038059017,average,2
33,Village B,1093493.9391398139,poor,1
34,Village B,1866994.613709283,average,1
35,Village C,2148710.710644852,poor,0
36,Village B,1557173.4456518444,good,2
37,Village C,617539.8079275786,average,1
38,Village C,1353076.481826447,poor,5
39,Village A,2019697.526521069,poor,5
40,Village C,1748332.3671136873,poor,2
41,Village A,1421746.4845823136,poor,5
42,Village C,2154157.915445718,average,3
43,Village C,1869652.9204161484,average,3
44,Village A,1908169.577969172,good,2
45,Village A,1294682.6540095992,average,1
46,Village C,1246308.1591269507,good,2
47,Village B,650020.1396584894,good,5
48,Village A,1370304.122031372,good,2
49,Village B,1967696.026899064,average,5
50,Village B,1397953.3514922066,poor,3
51,Village B,1722769.4232645025,poor,2
52,Village A,2055599.6783266403,average,4
53,Village B,1686416.4958993162,poor,5
54,Village A,1735257.380880401,poor,4
55,Village B,821088.7689812229,average,3
56,Village C,1338717.6079490115,poor,1
57,Village C,2363313.2532482976,average,5
58,Village A,1551898.5905480466,poor,1
59,Village C,2448369.0909982873,average,3
60,Village C,1138442.1846805264,average,1
61,Village B,1616973.72606727,poor,5
62,Village A,1308660.781224066,average,0
63,Village B,1795992.3425622766,average,5
64,Village B,1947504.3340300606,poor,5
65,Village B,1801233.0478504503,poor,4
66,Village B,2020926.0718740143,poor,0
67,Village B,1493413.5057388365,average,0
68,Village B,1404735.816168161,average,0
69,Village B,620903.4963620141,poor,5
70,Village A,1819225.4675822824,average,3
71,Village C,1586092.0461200785,poor,0
72,Village B,1466042.6312187335,good,2
73,Village B,1404591.2972728275,poor,1
74,Village B,1481560.219328105,good,3
75,Village B,1381881.9342510414,poor,2
76,Village B,1235983.0807183478,average,5
77,Village B,1619794.4403620844,average,5
78,Village C,1742079.5594664763,average,2
79,Village C,1114716.0428069097,poor,4
80,Village B,1299632.2154063047,average,4
81,Village C,1397689.1243675658,poor,2
82,Village A,1502406.6536883924,average,4
83,Village B,1435907.2652071165,average,1
84,Village A,1829860.599828197,good,1
85,Village A,673816.4921480954,average,5
86,Village B,762481.4008299415,poor,4
87,Village C,1596784.699626789,average,0
88,Village A,1198657.0760861055,average,2
89,Village B,1942121.1528869055,good,1
90,Village A,2084900.4762942754,good,4
91,Village A,1616873.5882114551,average,4
92,Village A,964012.5418629104,poor,1
93,Village A,2027296.7581135295,average,1
94,Village C,1599451.3310751638,average,0
95,Village A,756532.0137364411,good,4
96,Village A,800740.1759674079,poor,4
97,Village A,2258473.3948543225,poor,3
98,Village C,2175567.9566306146,poor,5
99,Village A,300000.0,average,0
100,Village A,821104.5523710616,good,1
101,Village C,2070427.7478108276,poor,1
102,Village C,1490753.705803476,average,2
103,Village C,1850924.6427460464,average,5
104,Village A,1469023.6269509515,average,1
105,Village C,1827246.2450356018,poor,4
106,Village C,1502916.773332717,good,1
107,Village A,1281195.8716215168,poor,4
108,Village C,2029371.9149574046,average,4
109,Village A,1601027.308012823,poor,0
110,Village B,1826194.3581217832,average,1
111,Village C,1578723.9624803832,good,0
112,Village B,1256821.5532250935,poor,5
113,Village A,2304194.6556785963,poor,4
114,Village C,1677484.1273788328,average,5
115,Village A,1322475.6778139242,average,1
116,Village B,2139164.735159358,average,5
117,Village A,839588.1130605214,poor,5
118,Village C,2618141.8253979934,poor,1
119,Village C,1410425.1211682858,poor,0
120,Village B,865992.8963083117,poor,0
121,Village A,2452970.6742287823,good,4
122,Village C,1268416.1934636044,poor,4
123,Village B,1621622.2849278136,poor,1
124,Village C,1858845.3707197318,poor,1
125,Village C,2092086.2638300727,poor,3
126,Village A,1649887.2818607823,average,3
127,Village C,1176342.2958349814,average,2
128,Village A,1609496.2616669962,poor,4
129,Village C,1290342.2273341394,poor,5
130,Village B,1624505.838182262,poor,2
131,Village C,2314074.772878429,average,2
132,Village A,1877962.595821897,average,0
133,Village A,1603323.2190491694,poor,5
134,Village B,1869245.4163031701,average,0
135,Village C,1905040.3259545928,average,3
136,Village C,961062.9485156373,good,2
137,Village B,1520861.3556078488,good,3
138,Village C,2781263.829666258,poor,5
139,Village C,2106410.4925159332,poor,5
140,Village A,1248282.2204194001,poor,4
141,Village C,1198396.0519411892,average,1
142,Village C,1181737.138412199,good,0
143,Village B,1933159.9751310286,average,4
144,Village B,2303820.460558109,poor,4
145,Village A,1791083.522240029,poor,0
146,Village C,1578581.174934409,poor,0
147,Village C,1277922.3211836142,poor,5
148,Village C,1664686.5727917633,average,5
149,Village A,1089939.1399518952,poor,2
150,Village A,532117.2263943808,poor,3
151,Village B,2318412.8450562246,average,5
152,Village A,997093.6648189453,poor,4
153,Village C,1337583.8131653403,poor,2
154,Village C,1828178.7253146456,poor,2
155,Village A,2217233.434673027,good,4
156,Village C,1628565.3262093107,average,5
157,Village C,903144.5061695859,poor,4
158,Village A,1349326.7751542244,average,1
159,Village A,1160757.2974874603,poor,5
160,Village C,1480894.4862643394,average,3
161,Village C,2115992.2356348177,average,4
162,Village C,300000.0,good,5
163,Village B,1294305.0849862546,average,0
164,Village B,1257975.1818064908,good,1
165,Village B,871619.3275521802,good,3
166,Village A,1792745.371874808,good,5
167,Village B,792512.0640619759,average,0
168,Village A,850052.8603518376,poor,5
169,Village A,1925534.6070103068,poor,0
170,Village B,2250285.6844813344,poor,3
171,Village B,1461951.6156940204,poor,1
172,Village B,891301.940505367,average,0
173,Village C,1147222.954110875,average,2
174,Village B,2004000.9736225225,good,3
175,Village C,1558219.120331697,poor,3
176,Village A,1449480.6115590385,poor,4
177,Village C,1656524.854956573,average,1
178,Village B,1481170.0282372797,poor,2
179,Village A,2272856.1488296087,poor,2
180,Village A,1125428.3676531995,good,4
181,Village A,1068020.4415823934,average,0
182,Village C,808273.240965672,poor,0
183,Village B,1230006.182137155,good,2
184,Village A,954012.2626669228,average,1
185,Village A,1609037.754326362,average,0
186,Village A,1510473.6827625716,good,3
187,Village C,960462.2499660118,poor,5
188,Village C,1794569.6795139862,average,4
189,Village B,2258406.4335649367,poor,1
190,Village C,1678919.1743355119,poor,0
191,Village A,300000.0,good,5
192,Village B,2493565.4853350525,average,2
193,Village A,1873461.7345355297,average,4
194,Village A,2478209.1265942254,good,0
195,Village C,2045361.793074917,good,2
196,Village B,2145257.7094352795,good,0
197,Village C,1602633.4468005423,average,4
198,Village C,1368851.9939050837,poor,3
199,Village B,1686740.5938660803,poor,3
200,Village A,1145607.4598767303,poor,5
201,Village A,1716940.4254501162,poor,2
202,Village B,300000.0,average,3
203,Village A,1521466.1226072065,average,4
204,Village B,2172338.0600510663,good,2
205,Village B,1547154.2894644828,average,0
206,Village C,2363741.369015494,average,1
207,Village B,1368127.3060756973,poor,0
208,Village C,2001325.456493914,poor,4
209,Village A,1060864.963163317,poor,5
210,Village A,1980978.3097776892,average,2
211,Village A,1616297.454113908,poor,0
212,Village A,1390124.7520786356,average,2
213,Village C,300000.0,average,3
214,Village A,1372811.6120972252,poor,1
215,Village B,1606726.5096399053,poor,4
216,Village B,1914354.7176099587,average,0
217,Village B,2280474.8995495336,poor,1
218,Village C,2517516.3506829552,average,4
219,Village A,2123133.671561492,average,4
220,Village A,1218954.8373479028,average,5
221,Village A,1347597.9552411304,good,3
222,Village C,1869457.7355218416,average,5
223,Village B,1759807.229923901,good,5
224,Village B,2314172.9796956806,poor,2
225,Village A,2739694.7093549557,average,2
226,Village B,2633590.0975491116,poor,1
227,Village B,2246969.0998991723,poor,3
228,Village C,1763951.3244714485,poor,4
229,Village C,2174662.5314729223,average,3
230,Village C,2330720.506864198,poor,3
231,Village C,1426349.8013724908,poor,1
232,Village A,1233669.5137456204,good,2
233,Village C,1116289.4999641627,good,3
234,Village B,1061807.6332773482,average,3
235,Village A,809002.3387034046,average,3
236,Village B,1624950.8545588637,good,0
237,Village B,1000123.5994559341,average,3
238,Village B,1108238.907932309,poor,3
239,Village C,1850627.7795883636,good,4
240,Village C,1590804.533126755,average,5
241,Village A,1714812.4703168373,poor,0
242,Village A,2182574.3809460406,average,3
243,Village C,1932264.9542703975,poor,5
244,Village B,2259443.2907263315,good,3
245,Village A,1539988.2473890353,poor,1
246,Village C,2305895.2956561977,good,1
247,Village C,1679868.3821787299,good,5
248,Village C,1584353.1305476015,average,0
249,Village B,2230763.1031382517,average,4
250,Village C,1063923.1604033525,poor,0
251,Village C,2511800.283771238,poor,0
252,Village C,1358949.989981357,poor,1
253,Village C,890946.0142253392,average,1
254,Village A,1826750.976027931,average,4
255,Village A,1311339.2449408697,poor,3
256,Village C,2512903.5459556254,poor,4
257,Village B,1283549.5906074264,good,3
258,Village A,1657224.458675981,poor,5
259,Village C,787203.3422609485,good,5
260,Village A,1906457.1224487356,poor,2
261,Village A,1111304.9620705477,average,1
262,Village B,1846662.3451663004,poor,2
263,Village C,1285827.3801470692,average,2
264,Village C,476532.65663860017,average,1
265,Village B,1565595.0451719416,poor,2
266,Village B,1543214.2585392175,average,0
267,Village C,1940535.7868113066,average,3
268,Village C,2278000.285919602,average,4
269,Village B,2456204.7049583993,average,1
270,Village A,1932077.106735443,poor,0
271,Village A,1639309.5960329592,average,5
272,Village B,786333.2052422673,good,4
273,Village A,1601010.4684950036,good,4
274,Village B,1607470.0849694663,good,4
275,Village A,1400679.870171986,poor,2
276,Village A,1816483.8253004043,average,2
277,Village C,2060952.8554910673,average,2
278,Village C,1090798.0347356582,poor,2
279,Village A,1083007.8229002664,good,0
280,Village A,1430353.9941116855,average,2
281,Village C,1192385.4046460385,poor,1
282,Village C,679373.3988200686,poor,4
283,Village C,1001703.6318385242,good,0
284,Village B,883839.4264812797,poor,5
285,Village A,2104225.2540090764,poor,2
286,Village C,2351413.5030046394,poor,5
287,Village A,952283.2713527066,poor,4
288,Village B,1773036.7565685557,good,0
289,Village B,1936758.2122348754,average,4
290,Village C,753865.6066700681,average,5
291,Village B,1580489.4735894997,good,0
292,Village A,2766758.082673263,average,3
293,Village C,1838573.4331788155,poor,0
294,Village A,1377349.7293337348,average,2
295,Village A,1219906.7373908954,poor,5
296,Village B,488769.20763955265,poor,4
297,Village B,1735236.828058366,average,4
298,Village B,2473908.3936271574,good,4
299,Village B,1093228.1228010396,average,1
300,Village B,532207.6602414694,good,1
301,Village C,1167887.9093233878,average,2
302,Village A,1940799.8729891041,average,3
303,Village A,1285749.9975889574,good,1
304,Village A,1089765.9535434558,poor,0
305,Village A,1509577.4575289295,poor,5
306,Village B,1614850.3735839275,average,2
307,Village A,805804.9296141528,average,3
308,Village C,1391358.1515315883,poor,0
309,Village C,1251366.1930388308,poor,4
310,Village A,1179547.8253759586,poor,1
311,Village A,991481.665304276,average,0
312,Village C,1970628.9273973987,good,3
313,Village C,1177806.535600986,good,2
314,Village B,502527.35709335736,average,0
315,Village C,1632148.9109877166,good,2
316,Village B,1862599.7363365921,average,4
317,Village B,1101991.9673920614,poor,3
318,Village B,1220168.655108017,poor,3
319,Village B,1175473.1397858136,average,1
320,Village B,1326673.3192849448,poor,5
321,Village A,2053425.091094911,average,3
322,Village C,1442970.4138138217,average,0
323,Village B,1919796.7728336027,poor,0
324,Village C,1015584.1842266235,good,0
325,Village C,1308154.7902095078,average,4
326,Village B,1977006.9079236533,poor,3
327,Village A,1097197.3007868703,average,3
328,Village B,2006068.2304542654,average,0
329,Village A,1185807.954502431,poor,1
330,Village C,1339168.7424707902,poor,1
331,Village A,2335081.2936744625,average,3
332,Village A,1282090.5114168844,good,3
333,Village A,1572672.9013753175,average,2
334,Village C,1808218.2112608682,good,3
335,Village C,1613254.3248360057,good,0
336,Village A,1627526.6744447884,poor,5
337,Village A,1471730.1280091328,average,4
338,Village B,848880.3954918386,poor,3
339,Village A,1674144.6650498793,poor,3
340,Village B,1133765.771494173,average,0
341,Village A,1887883.6087015884,average,2
342,Village B,2186030.711974843,poor,5
343,Village C,597221.3692914923,good,3
344,Village A,2186903.913713552,average,1
345,Village A,1294471.1040664783,good,1
346,Village A,1434525.3889077636,poor,1
347,Village A,1043806.2737438051,good,4
348,Village B,1594233.8645331385,poor,4
349,Village A,1533407.4415887028,poor,5
350,Village C,2038461.4126464252,average,3
351,Village C,1129303.3616848714,average,3
352,Village A,2330401.2009689547,average,3
353,Village C,1832357.0431544448,average,4
354,Village A,1545484.4883877046,poor,5
355,Village A,1409607.8180522544,average,3
356,Village C,1346715.2764330748,poor,0
357,Village A,1379328.1127967476,average,2
358,Village C,1584200.9784677369,poor,1
359,Village B,1395500.0196531338,good,1
360,Village A,1179735.2717462564,average,0
361,Village B,1587229.6474183511,average,3
362,Village C,1081855.9406373063,good,5
363,Village B,1661233.4505008736,average,5
364,Village B,1388466.4822596293,poor,4
365,Village C,1848365.454615922,poor,3
366,Village B,1994537.1053477384,average,5
367,Village B,1994340.2801723694,poor,3
368,Village C,1659052.528026313,average,1
369,Village B,1717415.6103834226,poor,1
370,Village C,1338624.4869407823,poor,4
371,Village B,1838819.8442416738,average,1
372,Village C,1895250.6803308616,good,3
373,Village C,716335.423237736,average,0
374,Village B,1689173.5978036318,good,4
375,Village B,2184064.9038544334,good,0
376,Village B,1321854.8526976078,poor,3
377,Village A,1212726.5119330604,poor,4
378,Village A,1290068.2694568404,average,0
379,Village A,747562.0035854367,good,4
380,Village C,1562991.9772244552,average,3
381,Village B,1514982.7200486257,good,5
382,Village C,1598513.4164386503,poor,4
383,Village A,1707988.310608901,poor,5
384,Village B,1101003.2989092618,average,3
385,Village C,1636599.599511022,average,4
386,Village B,1721599.329957865,poor,4
387,Village C,1255804.134591484,poor,5
388,Village B,1710058.9991259864,poor,1
389,Village A,1540353.3131933706,average,5
390,Village A,1184405.11527831,good,5
391,Village B,1641394.3482418384,good,5
392,Village C,1354644.6283233901,average,3
393,Village A,1848532.6370071936,average,2
394,Village A,1380416.809965481,average,5
395,Village A,855117.2091174701,poor,4
396,Village B,1633493.4927638255,poor,0
397,Village B,1614701.6239157172,poor,1
398,Village C,959431.4436011693,good,5
399,Village C,1875268.0577176528,good,5
400,Village C,1849110.4180677393,average,1
401,Village B,1065009.9037625457,average,5
402,Village B,1170186.8494700443,poor,4
403,Village C,1428996.1934852365,average,2
404,Village C,1120573.9344811812,average,5
405,Village B,1820198.5924558388,average,1
406,Village C,1574485.974663605,poor,5
407,Village A,953221.427055882,good,3
408,Village B,1088764.5435753549,average,4
409,Village C,2093859.5885832007,good,4
410,Village B,2267781.1889577075,good,2
411,Village A,1769364.4880262543,good,3
412,Village B,1394362.372424843,poor,3
413,Village B,1280018.5437967116,poor,2
414,Village B,1774849.7091555025,poor,0
415,Village B,1537960.2671297432,poor,5
416,Village A,694964.2762928116,average,3
417,Village B,2015933.9912674152,average,0
418,Village B,2172901.6336814347,average,0
419,Village C,1868626.266471599,poor,4
420,Village B,954194.4026858959,good,5
421,Village C,1181586.7751383302,poor,4
422,Village A,571140.0693211444,poor,1
423,Village A,2298024.2456977777,average,4
424,Village A,1321630.718370486,average,3
425,Village A,2666644.660824891,poor,3
426,Village C,2477615.015453889,poor,5
427,Village B,1048286.7918155282,average,0
428,Village A,1145866.1302984934,poor,3
429,Village B,1733095.17117356,poor,4
430,Village C,622728.9480668649,average,4
431,Village C,1280870.4413107191,poor,5
432,Village C,1230920.4993966357,poor,4
433,Village A,2425582.9709733543,average,2
434,Village B,1580508.942752228,good,5
435,Village B,1357616.511231402,good,5
436,Village B,1184257.6336573495,poor,3
437,Village C,1947024.798662397,poor,5
438,Village A,1251644.5880347958,poor,1
439,Village C,1474858.51281875,poor,3
440,Village C,1180438.2387640178,average,3
441,Village B,741231.4339923029,average,2
442,Village C,1001982.4361486682,average,3
443,Village B,1249014.1463176534,poor,0
444,Village A,1368372.5848681855,poor,4
445,Village B,1390288.0370382464,average,4
446,Village A,1455540.149740619,poor,5
447,Village B,1255656.1849244954,average,2
448,Village C,2174563.1740842033,average,4
449,Village C,1973992.059928491,average,0
450,Village A,1432445.366404581,average,2
451,Village A,1627129.139870498,average,1
452,Village A,1313955.8792735224,poor,4
453,Village B,300000.0,poor,3
454,Village B,1510246.5064630124,average,0
455,Village A,1652807.180625608,poor,0
456,Village C,693669.1209798863,average,4
457,Village B,1749705.5345973014,average,5
458,Village B,1359711.6610275954,good,1
459,Village B,1668966.860317331,good,3
460,Village A,1374800.6763149572,poor,1
461,Village A,2125477.2371134246,good,1
462,Village A,1613114.4102920434,average,4
463,Village A,2001208.2293360035,average,3
464,Village A,2042363.0710874726,poor,4
465,Village C,940222.1369557948,good,4
466,Village C,1130491.5649894262,poor,5
467,Village A,1725805.341363128,good,0
468,Village B,1317231.3581209139,poor,5
469,Village A,1380696.6153718522,average,5
470,Village C,2143282.411085305,poor,4
471,Village C,1344816.810903965,poor,5
472,Village B,1015535.3258757088,poor,5
473,Village C,1083099.9991822026,poor,2
474,Village A,2591178.2505963505,poor,3
475,Village B,1410890.2598073815,average,0
476,Village A,817876.1223910447,average,3
477,Village A,615270.7023417028,good,0
478,Village B,1187681.6786629432,average,2
479,Village A,1401738.9402863083,poor,4
480,Village C,1974586.8532138362,poor,0
481,Village A,1926172.5832308836,poor,0
482,Village B,1496826.7894635824,good,0
483,Village B,1272915.7069202056,good,2
484,Village B,1669800.926710845,poor,3
485,Village A,625626.961931806,poor,2
486,Village B,2490540.4469646085,good,0
487,Village B,1827052.7979283056,good,5
488,Village A,1933495.1098641362,good,0
489,Village C,962923.3090616947,good,5
490,Village A,2141324.320648298,average,4
491,Village B,1269991.4194868524,poor,2
492,Village B,1023720.9385907183,average,5
493,Village A,1480413.8146968903,average,2
494,Village C,1468722.457005813,average,1
495,Village B,960731.4637440017,average,3
496,Village B,1052531.3232293173,poor,1
497,Village B,1013384.1123359749,poor,5
498,Village A,1018142.4660715876,poor,1
499,Village B,1305951.0464501998,poor,3
500,Village C,805507.4319137711,average,5
501,Village B,1154312.7512930322,good,4
502,Village B,2022567.2741921346,good,4
503,Village C,1911654.726052092,poor,3
504,Village B,975060.3795536227,average,3
505,Village A,1979102.4586471168,poor,5
506,Village A,516780.36543197546,average,2
507,Village A,2714572.1610060767,poor,5
508,Village C,2150156.5960677965,poor,2
509,Village B,1220134.0439299466,good,2
510,Village A,1691213.280867555,average,2
511,Village C,799540.3359454355,poor,5
512,Village B,1530221.3949629068,poor,0
513,Village C,1408168.4837487666,average,0
514,Village A,1082618.3053038022,poor,4
515,Village A,1265721.2568370705,good,0
516,Village A,1216506.2620952865,average,0
517,Village C,934131.6403411824,average,2
518,Village C,1070926.3770516685,average,2
519,Village A,779077.7870001438,poor,3
520,Village C,1928665.3827803088,poor,2
521,Village A,1033943.6267718655,poor,5
522,Village A,888989.564214923,average,3
523,Village B,1920752.3399079985,poor,3
524,Village C,1684810.177169665,good,0
525,Village A,1902250.5279744796,poor,2
526,Village A,1958041.6120983271,poor,0
527,Village C,2468727.4484692123,poor,2
528,Village B,1421980.116653408,poor,0
529,Village B,771196.1605022462,poor,0
530,Village A,1635518.9003810626,poor,0
531,Village C,1165497.6885600914,poor,5
532,Village B,1021247.3583422296,average,4
533,Village C,1549962.5861086205,average,0
534,Village C,1932876.366504795,poor,1
535,Village A,1082002.5792018583,average,1
536,Village B,2137194.0436658594,average,1
537,Village A,1005193.020498592,good,5
538,Village B,1378048.3893372684,average,3
539,Village B,1693153.940890434,poor,0
540,Village B,1306050.3956579708,average,1
541,Village B,611998.8305307316,average,5
542,Village B,1963703.7458944025,poor,3
543,Village C,1188267.8298219864,good,1
544,Village A,1872449.2246968464,poor,2
545,Village C,867927.9324861689,good,4
546,Village B,953281.7089517941,average,0
547,Village A,1931216.7047776785,average,4
548,Village B,1670254.0463710118,average,4
549,Village A,1280707.1446576617,average,2
550,Village C,1677515.7990854187,average,2
551,Village A,1022980.432227821,good,2
552,Village A,1555129.5587444545,average,3
553,Village A,1564276.9616950327,good,1
554,Village A,1313109.1974044857,good,0
555,Village A,1082357.1472046208,good,2
556,Village B,1535124.2891073967,average,5
557,Village A,1472509.4283495508,average,0
558,Village A,1267088.9605401955,poor,0
559,Village C,983092.7649096249,average,0
560,Village A,1506238.5246677338,poor,2
561,Village C,1268338.8175816971,poor,2
562,Village B,982671.1897815333,poor,1
563,Village A,1521764.9053790555,good,2
564,Village C,2304152.736027693,good,2
565,Village C,1316586.167046461,average,0
566,Village B,2248888.2706210115,average,1
567,Village A,2557165.8573650476,average,4
568,Village A,1023290.5488111624,average,2
569,Village C,1504522.1040994823,poor,5
570,Village A,2551865.9589081546,poor,2
571,Village C,1439460.019295478,poor,4
572,Village A,1518406.0728827,average,0
573,Village C,664997.2628125541,average,1
574,Village A,1234169.0498401662,average,0
575,Village B,1777794.3423344686,good,3
576,Village A,2714641.321475625,poor,2
577,Village A,1401996.5832641548,poor,5
578,Village B,668686.8388743226,poor,3
579,Village A,797375.4046133455,poor,2
580,Village B,1482105.1570308516,poor,3
581,Village A,2088603.3990261245,poor,4
582,Village C,1818676.8414376976,average,2
583,Village C,1730127.9317550631,poor,5
584,Village A,2154572.1934587983,average,2
585,Village A,1139885.4562405243,average,3
586,Village A,1509547.3599787827,poor,1
587,Village C,1239808.9398988024,average,3
588,Village A,1364272.1322739632,poor,2
589,Village C,996865.3228372575,good,2
590,Village B,1328011.964283102,good,1
591,Village C,1486142.2168773005,poor,0
592,Village C,1314264.2500692247,good,1
593,Village B,1419469.2484930991,average,0
594,Village C,1702520.271718593,good,5
595,Village A,2119347.8845321997,average,2
596,Village A,2155577.934056299,poor,4
597,Village C,1880710.883698496,good,4
598,Village A,870009.260780842,poor,3
599,Village C,1319795.007215073,poor,1
600,Village A,1362857.4846436994,poor,1
601,Village A,1171425.0846057178,poor,4
602,Village C,1671175.5895148034,average,0
603,Village A,702835.7533592711,average,1
604,Village C,2346783.2347641457,good,0
605,Village A,2097610.3357608574,poor,0
606,Village A,1739101.1309508788,good,0
607,Village B,1468945.3350399076,good,0
608,Village B,2114419.647536277,poor,3
609,Village C,1844702.4683901337,poor,3
610,Village B,2053318.8921090462,good,4
611,Village C,1470473.9588700798,average,3
612,Village B,2394656.542932084,average,5
613,Village A,2083443.9378449281,average,1
614,Village C,1754768.1477179658,average,5
615,Village C,2127986.4602155774,poor,3
616,Village A,1290419.029083014,average,1
617,Village C,916249.8203264867,poor,1
618,Village C,1660775.2565237377,average,0
619,Village B,1471454.7770932657,good,4
620,Village C,1401141.3288611853,average,0
621,Village A,2108156.0196747016,good,0
622,Village B,1583569.606605315,average,5
623,Village B,1631784.5367677421,average,3
624,Village A,1336473.7206229519,average,5
625,Village A,1940561.5696397629,good,3
626,Village B,1850937.8906539597,average,5
627,Village C,1936829.8384471468,poor,1
628,Village B,1251368.0166819107,good,3
629,Village A,2152044.2300234977,average,3
630,Village B,2419384.2118831864,poor,5
631,Village A,1921019.1986623527,average,2
632,Village B,1095355.8563778545,good,1
633,Village C,1098898.8578818995,average,1
634,Village B,1312311.5222034561,poor,2
635,Village B,1217811.3929907396,good,5
636,Village A,1464453.6871563676,average,5
637,Village A,1816221.2331839239,average,1
638,Village A,1644976.2203749244,poor,5
639,Village B,1601144.5281931444,poor,4
640,Village C,1379398.6250999272,average,4
641,Village A,1463077.0364177253,good,2
642,Village A,1898287.7537645008,poor,3
643,Village B,494020.9862500926,poor,4
644,Village A,1494304.7957606341,poor,5
645,Village C,1643993.7974636625,average,2
646,Village C,1891791.5342736463,poor,4
647,Village A,994977.0303580877,poor,0
648,Village A,968545.1587734406,poor,2
649,Village B,1791977.4974390669,average,1
650,Village C,547773.879871542,poor,4
651,Village C,2166094.555380393,poor,1
652,Village A,1613295.9957464053,good,2
653,Village B,2279360.6064217184,poor,4
654,Village C,956463.8117152435,poor,1
655,Village C,1281820.2656408797,good,3
656,Village B,300000.0,poor,3
657,Village B,1102155.118502362,average,0
658,Village C,1408076.5596390604,poor,5
659,Village C,518646.20999578165,average,2
660,Village B,1302686.5939008002,poor,5
661,Village C,506329.9115698779,good,5
662,Village A,1371269.9075442874,poor,1
663,Village A,2073555.9635541183,poor,0
664,Village B,1482510.1249429386,average,2
665,Village B,2329103.6863059015,good,3
666,Village B,1893146.281697305,poor,5
667,Village A,2174073.9243034855,good,1
668,Village C,1117527.3795608582,poor,5
669,Village A,1105429.1858036988,average,4
670,Village C,1672806.7081926842,poor,3
671,Village A,711148.9541835705,average,5
672,Village C,1735571.8748810452,poor,4
673,Village A,1338040.0917265352,poor,4
674,Village B,2164998.4187733284,poor,1
675,Village A,1839756.1270397054,poor,1
676,Village C,2048353.2151700635,good,4
677,Village A,1122896.9593024764,good,0
678,Village A,2024105.134380864,average,5
679,Village A,2222356.2471821415,poor,4
680,Village B,1480643.0883098296,poor,4
681,Village A,1130324.6903167558,average,1
682,Village B,1139106.3993827952,good,5
683,Village B,2119506.4960079826,average,2
684,Village A,2842172.8712116554,good,3
685,Village A,1009177.4649123889,good,1
686,Village A,970739.9749787198,good,5
687,Village C,1960707.0903372394,poor,5
688,Village A,1123043.2353166777,poor,0
689,Village B,2009177.6921141348,average,3
690,Village A,1732673.0867633228,average,1
691,Village C,1488011.348751018,poor,1
692,Village A,1720635.767260844,poor,2
693,Village C,1690099.184576697,average,0
694,Village C,1410196.7511069123,average,0
695,Village A,621819.4841807528,poor,5
696,Village B,1589325.3642945173,average,5
697,Village C,2286530.1830320824,average,1
698,Village A,695615.6683977382,average,2
699,Village A,1017107.4899305276,poor,1
700,Village B,1713413.4873830054,average,4
701,Village C,1519295.9313661403,average,5
702,Village C,1705591.0797921447,poor,4
703,Village A,1150340.896086169,average,2
704,Village A,2081229.143296153,poor,1
705,Village B,1523450.2828451055,poor,5
706,Village B,1848492.7611715284,poor,2
707,Village C,1660138.7054855481,poor,1
708,Village C,1587747.4839804962,poor,1
709,Village A,1813416.828514065,good,4
710,Village C,1593243.9769834753,poor,3
711,Village B,904900.485952244,good,0
712,Village B,2043678.4128579823,average,5
713,Village A,1909063.643124092,poor,0
714,Village B,446574.8043210951,poor,2
715,Village B,1172899.8575621613,average,0
716,Village B,2021180.2312464034,average,4
717,Village B,586535.7267610831,poor,3
718,Village A,1971783.4409503723,poor,5
719,Village A,1429388.7321728747,average,1
720,Village C,2170141.2851669956,poor,1
721,Village B,1499426.6054622682,good,4
722,Village C,1138966.0035021862,average,5
723,Village A,1654042.8303795704,poor,0
724,Village A,1484807.2552450069,poor,1
725,Village A,1094574.4329296597,poor,0
726,Village A,2609171.741505693,good,4
727,Village A,1014450.9092078427,poor,1
728,Village A,378522.3124701029,poor,2
729,Village A,2290849.484060746,average,3
730,Village B,1208218.2638420367,poor,0
731,Village C,1351613.3695171522,average,5
732,Village A,1321046.967685483,good,0
733,Village B,1215174.282920837,average,0
734,Village B,1116903.764368277,good,0
735,Village C,1001591.3487515177,good,4
736,Village A,1532379.8808522827,poor,4
737,Village C,1299006.2211621825,poor,5
738,Village A,1865181.0951669733,poor,4
739,Village B,1741347.025808077,average,5
740,Village B,1036243.9032372979,poor,5
741,Village B,1554260.6380361782,good,4
742,Village B,1291080.8379393234,average,1
743,Village C,1004169.7786831672,poor,4
744,Village A,1844715.7852575663,average,1
745,Village A,1439337.3603458176,poor,2
746,Village C,1296224.9899147605,good,4
747,Village A,1072216.3817883604,average,2
748,Village B,986031.6194633305,poor,4
749,Village A,2494384.011957273,poor,2
750,Village B,1667059.3248149983,good,3
751,Village C,954435.4813985917,average,2
752,Village A,1643932.9491614064,good,1
753,Village C,2031008.0883977688,poor,0
754,Village A,1583758.8062650212,poor,5
755,Village B,2187010.671066562,poor,2
756,Village C,728593.4289650165,average,0
757,Village A,504338.9763098947,poor,3
758,Village B,1630258.7109268766,poor,3
759,Village C,1638248.0716869417,average,1
760,Village C,300000.0,average,1
761,Village A,1188211.9543989925,poor,2
762,Village A,995668.8428082725,average,4
763,Village A,804026.8796484218,average,3
764,Village B,994479.1176950946,poor,0
765,Village A,1797893.9007996798,poor,4
766,Village C,991297.4893551458,poor,3
767,Village C,1008438.9327090792,average,2
768,Village A,690597.3455711604,good,3
769,Village A,2134454.821257913,poor,1
770,Village C,1717316.1827353172,poor,0
771,Village B,300000.0,good,0
772,Village A,1008879.9603884068,good,1
773,Village A,1764258.942197463,average,4
774,Village C,2140696.274491418,good,1
775,Village A,1920419.3796833283,average,0
776,Village B,1322158.5448710572,average,2
777,Village C,534311.5696034809,poor,4
778,Village A,1935124.496955655,poor,5
779,Village C,1351551.574339748,poor,3
780,Village A,1534431.007307535,good,5
781,Village A,1411289.7808957517,good,2
782,Village A,822235.2502118661,average,5
783,Village B,1682125.1061114946,poor,4
784,Village B,1613229.5155567233,poor,0
785,Village C,1287105.5785426009,poor,0
786,Village A,1735552.8999312436,poor,2
787,Village A,813000.226288347,average,5
788,Village B,1365498.6120584456,good,4
789,Village A,1513063.7364678944,poor,3
790,Village B,632536.1839324689,poor,5
791,Village A,1471451.6945819734,average,5
792,Village C,1866822.5733406479,poor,3
793,Village A,1348384.5379785663,good,1
794,Village A,1482942.5487428277,poor,2
795,Village B,1781172.0196170835,poor,4
796,Village A,1306099.9455668638,poor,2
797,Village A,1351101.3002278556,poor,3
798,Village B,911648.2427337664,average,4
799,Village C,1492531.6113396175,poor,0
800,Village C,1332575.7581976098,poor,0
801,Village B,1749544.8975266614,average,4
802,Village B,1781729.9770916195,poor,2
803,Village B,1895604.5195064405,poor,2
804,Village B,1245869.8245524345,average,0
805,Village B,411709.457187942,average,0
806,Village C,1870819.8732323872,good,3
807,Village C,1715560.4820487045,poor,4
808,Village B,1182354.197656955,poor,2
809,Village A,1777470.0997836685,poor,3
810,Village B,775705.0987418792,poor,2
811,Village A,2015120.1064351376,average,0
812,Village B,1333187.7241029749,good,4
813,Village B,1085536.1934975523,average,1
814,Village C,1189149.221880556,poor,4
815,Village A,1384257.5069998938,average,5
816,Village A,1493993.9633502683,good,1
817,Village C,1524140.1401997034,poor,3
818,Village C,1285196.278020938,average,1
819,Village C,1600119.7867307395,good,1
820,Village C,1504139.6371667169,average,3
821,Village A,1176213.5022128006,average,4
822,Village A,1100904.687789368,poor,3
823,Village B,1804182.7714474187,poor,5
824,Village B,1762163.0179989527,poor,0
825,Village C,1528568.1775806316,average,0
826,Village C,1962097.7329951008,poor,1
827,Village C,519336.17191618274,good,3
828,Village B,1217802.6792466484,good,3
829,Village B,921841.4438326779,average,3
830,Village B,2628136.1325689256,poor,5
831,Village B,1856609.9101979933,poor,5
832,Village B,1460469.008170862,average,4
833,Village B,1892495.289423078,average,2
834,Village B,2058137.8318775576,average,2
835,Village C,2052815.8457620353,poor,2
836,Village C,1960851.7425501766,average,4
837,Village C,1368729.8383589692,average,3
838,Village C,1249317.290258024,average,2
839,Village B,1018905.4100096575,average,3
840,Village A,1751223.6333645037,average,1
841,Village B,1420532.1323356095,poor,2
842,Village A,1290764.484741402,poor,1
843,Village C,1264669.3191360987,average,4
844,Village B,2225096.315317344,poor,0
845,Village C,1976340.2064208356,average,5
846,Village B,2415196.9280640827,average,4
847,Village C,1764508.1499460544,good,4
848,Village A,1528477.2201274491,average,4
849,Village A,1487298.7746275377,poor,2
850,Village A,989849.2263692636,poor,1
851,Village B,869290.5041242996,good,5
852,Village A,1753670.5109464373,poor,2
853,Village B,1032660.6447583726,average,0
854,Village A,1605728.876933618,average,5
855,Village A,2057733.3415476058,poor,4
856,Village B,1167273.0334845518,poor,3
857,Village B,2505240.817295789,average,0
858,Village A,1004652.4395279502,good,1
859,Village B,1995097.378244923,poor,0
860,Village A,1712378.090566181,good,2
861,Village B,2097047.6249730755,average,3
862,Village C,941901.1943201552,good,2
863,Village C,2653510.458476805,poor,5
864,Village C,1410612.4581085471,poor,4
865,Village C,1838323.9696496408,good,4
866,Village C,2222243.7444732506,good,0
867,Village A,1197668.9662523922,poor,4
868,Village C,1912863.1814735893,average,4
869,Village C,1114265.1773892536,good,5
870,Village C,2198480.7902289196,poor,1
871,Village C,1119909.634385633,average,1
872,Village B,1519253.4912478796,good,2
873,Village A,1653060.35050598,poor,2
874,Village C,1892149.8848613077,poor,1
875,Village C,2484238.1542132725,average,0
876,Village C,1274015.5051927553,poor,1
877,Village A,2069367.3871368032,poor,2
878,Village B,2485129.2243170682,good,3
879,Village A,1582866.6804324586,average,4
880,Village B,1224933.6249398543,good,5
881,Village C,634983.1302823542,good,3
882,Village C,2441637.8837055312,poor,3
883,Village A,1377777.8350378182,poor,4
884,Village A,999320.7503847245,poor,1
885,Village B,820834.9578951186,poor,0
886,Village B,998392.9048049793,average,3
887,Village A,1959852.6466135825,average,0
888,Village B,2028934.2638373692,average,5
889,Village A,1826060.935727768,poor,5
890,Village B,1566168.9136766822,poor,5
891,Village A,877239.7052493321,average,2
892,Village A,1135029.5270489762,average,3
893,Village A,946690.2946593623,poor,5
894,Village B,1786410.5027631326,average,2
895,Village B,968343.7605691479,poor,5
896,Village B,1142876.9444732037,poor,1
897,Village A,1408256.3785007466,average,3
898,Village B,665099.9234518264,poor,2
899,Village B,1523385.7154204233,average,5
900,Village A,1446423.5594822317,poor,2
901,Village C,2092104.5729808453,poor,5
902,Village A,1090067.227483124,poor,1
903,Village B,850402.2408438323,good,0
904,Village A,1312970.1752043576,average,5
905,Village C,950954.3532819919,good,0
906,Village A,1519577.2959065624,average,3
907,Village B,570032.569086697,average,1
908,Village C,1197327.2983113592,poor,3
909,Village B,1035814.1650888901,poor,0
910,Village C,1783878.5385430343,poor,1
911,Village C,1094717.6451873174,poor,4
912,Village A,631952.1207007505,average,1
913,Village A,1399089.9515327257,poor,1
914,Village B,1659943.0701372544,poor,4
915,Village A,1364397.4033696372,poor,2
916,Village A,1194338.6103904461,poor,2
917,Village C,1164218.9497078687,average,2
918,Village A,1556474.0162210169,good,0
919,Village C,1055275.625380226,poor,1
920,Village C,1335758.514294733,poor,5
921,Village C,1875223.2854436869,poor,4
922,Village B,849338.4605471774,good,5
923,Village B,1478166.4901298638,poor,0
924,Village B,605505.2936014977,average,4
925,Village C,1613964.8350049765,average,5
926,Village B,1010595.3946004694,poor,0
927,Village B,2009795.9065153976,poor,0
928,Village A,761526.3451773255,poor,0
929,Village B,1721039.518400504,good,4
930,Village B,2110565.5392632466,average,5
931,Village C,984655.2992897658,average,5
932,Village C,1069057.5355025302,average,3
933,Village C,1027902.1778117013,average,0
934,Village C,1257068.655797848,average,2
935,Village C,1758710.8995947328,poor,1
936,Village C,1216247.5330564382,poor,3
937,Village B,939520.8873968215,poor,3
938,Village C,490623.1467083548,average,4
939,Village C,2300973.753256198,poor,3
940,Village A,2340247.815207324,average,5
941,Village B,1780118.5197442283,poor,4
942,Village B,1094808.1527875075,good,4
943,Village B,1873851.0575658232,poor,2
944,Village C,1974353.4587465331,poor,0
945,Village C,1372875.934293633,good,3
946,Village C,1520684.2719994453,poor,0
947,Village A,2115884.114744746,good,0
948,Village C,679769.3214717958,poor,0
949,Village A,1999211.411561087,poor,4
950,Village B,1345423.0943217434,average,0
951,Village C,943710.8489944747,good,3
952,Village A,984846.7633528307,poor,4
953,Village A,1067638.932740456,good,3
954,Village C,894964.6399493985,average,4
955,Village B,2385694.487194508,good,1
956,Village B,1745601.4692505007,poor,1
957,Village B,2032241.3768042843,poor,1
958,Village A,1781184.1458083391,good,1
959,Village A,1530613.8042350865,good,4
960,Village A,1537377.661682816,average,0
961,Village A,1301243.6805450688,poor,2
962,Village B,1342108.8117799147,poor,5
963,Village C,795948.3130935542,average,2
964,Village A,2040913.0755201317,poor,1
965,Village A,593383.3569984774,poor,0
966,Village B,970694.7047354004,poor,3
967,Village C,2506017.0654803053,average,0
968,Village C,1568086.4415324135,poor,3
969,Village B,1588855.2225150994,average,2
970,Village B,1818669.2738838645,average,0
971,Village C,729831.2534393022,average,0
972,Village A,803103.3167649884,poor,5
973,Village C,1277552.8267255768,poor,2
974,Village B,1048319.5212261549,average,0
975,Village A,1462522.0174952997,good,3
976,Village A,1742774.647651068,average,0
977,Village B,2194581.523935298,good,3
978,Village B,1905544.1698947954,average,1
979,Village B,1002861.6441555228,average,0
980,Village C,1312517.9610261035,poor,3
981,Village C,1176527.4143751927,poor,2
982,Village A,991719.5604938252,average,1
983,Village B,877912.4436610838,poor,0
984,Village A,2332156.19386227,average,5
985,Village A,1505321.1216163249,poor,3
986,Village A,1387884.896697626,average,5
987,Village A,1742128.7832971509,average,0
988,Village B,1766873.0518707866,average,3
989,Village A,2059412.8268532106,good,0
990,Village B,1128169.1933166173,poor,1
991,Village B,1701361.1084364103,poor,1
992,Village C,1044413.0118245856,poor,0
993,Village B,1404921.0281306359,good,0
994,Village C,1528371.283581027,average,4
995,Village B,1577241.9978595306,average,0
996,Village B,1555160.5529235953,poor,0
997,Village B,1900915.4912724597,average,5
998,Village C,1201505.804512114,poor,5
999,Village C,1590837.1364517359,average,1
1000,Village A,1120547.5802398,good,5
1001,Village C,2960376.2829429405,average,0
1002,Village C,1043567.8411181851,average,2
1003,Village C,1149673.6728277225,average,0
1004,Village C,1941324.0385065598,average,4
1005,Village A,1285267.4282494208,poor,3
1006,Village C,1941523.0638505146,average,1
1007,Village B,1576511.2968629424,poor,5
1008,Village B,1298405.3667231048,poor,2
1009,Village C,1123622.3254376114,poor,3
1010,Village C,1105581.7191815637,average,2
1011,Village B,1303839.498743629,poor,1
1012,Village B,1412801.840827601,average,5
1013,Village A,1084059.3782880628,poor,4
1014,Village B,1445383.7849067277,poor,1
1015,Village B,952942.3536659962,average,2
1016,Village C,1877950.608298176,poor,2
1017,Village B,1973681.1997299823,average,1
1018,Village A,1147837.4048957345,average,0
1019,Village B,1119913.47244239,good,1
1020,Village C,1588958.4035049363,average,5
1021,Village C,2132683.0465157824,poor,5
1022,Village B,2243331.8321265867,poor,4
1023,Village C,798628.6383818664,poor,1
1024,Village A,2003152.414825762,good,3
1025,Village A,1469223.3310324026,poor,5
1026,Village B,1478905.1497697325,poor,5
1027,Village B,1752356.1828252804,poor,5
1028,Village B,1259521.264791943,good,0
1029,Village C,2048350.3160541523,poor,3
1030,Village A,2211981.1358849034,good,1
1031,Village A,2230642.1387676187,poor,0
1032,Village C,578042.60586736,poor,5
1033,Village A,1385171.365635785,poor,3
1034,Village B,532384.7075961212,good,3
1035,Village B,1117359.969028329,good,0
1036,Village B,301250.56443517096,poor,5
1037,Village A,1725133.3173197433,poor,0
1038,Village B,1609654.817790087,average,2
1039,Village C,1283699.4467216171,poor,5
1040,Village C,1104425.9447248492,poor,0
1041,Village A,1657015.812176835,poor,1
1042,Village C,994288.9643144518,poor,5
1043,Village C,960268.9426163367,poor,4
1044,Village A,898791.8990326454,poor,5
1045,Village B,1398079.5346306756,poor,2
1046,Village B,1208846.2152336186,good,0
1047,Village B,1307880.9907681646,poor,4
1048,Village A,1760904.370009366,average,2
1049,Village C,1981648.3024297496,poor,1
1050,Village B,2225240.392447943,average,5
1051,Village B,1530068.4889841462,poor,4
1052,Village A,1673794.551281385,average,0
1053,Village B,1594423.178565457,poor,0
1054,Village A,662907.1505930483,good,1
1055,Village C,1315151.4720144568,poor,2
1056,Village A,1317450.8886296682,poor,4
1057,Village A,1244593.5871151942,good,1
1058,Village A,1479530.335690581,average,2
1059,Village A,1390259.7233928356,poor,3
1060,Village C,1006836.6180374711,good,3
1061,Village C,1424487.0230764735,poor,2
1062,Village B,1180474.8014574847,poor,0
1063,Village C,300000.0,good,0
1064,Village C,801465.5398447684,poor,3
1065,Village B,1544457.1629065394,good,0
1066,Village C,2045945.6570770547,poor,0
1067,Village A,300000.0,average,2
1068,Village A,1064804.1831231713,average,5
1069,Village B,1715726.9169973799,good,2
1070,Village B,1939097.731876584,average,0
1071,Village B,1289943.219211991,poor,2
1072,Village A,1158608.8207894654,average,4
1073,Village C,2109855.3749450967,poor,3
1074,Village A,1898046.3529992844,average,5
1075,Village B,1929309.1990380078,good,4
1076,Village C,1265967.9987546273,average,4
1077,Village C,2056847.1188418393,average,0
1078,Village A,527465.6335681443,poor,0
1079,Village B,2065615.0458295066,average,4
1080,Village A,1466733.9232790552,poor,4
1081,Village C,1564467.0956239074,average,1
1082,Village A,1027373.6709612615,poor,1
1083,Village A,592986.8259459246,average,3
1084,Village B,1553852.0738958654,poor,4
1085,Village B,1775697.2747956987,average,2
1086,Village C,1851346.1924093827,poor,5
1087,Village A,1797389.297912293,good,1
1088,Village A,1684080.8475267286,poor,0
1089,Village A,1038106.78190352,average,4
1090,Village C,1883738.0362600165,poor,2
1091,Village C,982188.8262623358,average,5
1092,Village B,2053532.1180325672,poor,2
1093,Village B,1458009.0655969135,average,2
1094,Village B,1474645.3900672582,poor,0
1095,Village A,1932963.309152551,average,1
1096,Village A,2000734.3127670693,poor,2
1097,Village B,1885319.3394750692,poor,5
1098,Village A,1089771.0752221658,average,1
1099,Village B,1881334.775219276,poor,3
1100,Village C,1092605.195014776,poor,0
1101,Village B,1893950.7008638296,good,1
1102,Village C,787418.4019688678,good,1
1103,Village A,1453159.9690308177,average,2
1104,Village B,1089554.4302471643,poor,5
1105,Village A,1934967.826224013,poor,2
1106,Village C,2057583.3870445066,average,5
1107,Village C,1599498.2568959664,poor,0
1108,Village C,1583054.5719689422,good,1
1109,Village A,1852088.5612405678,poor,4
1110,Village A,2060557.439974559,good,5
1111,Village A,1518655.5873310808,average,5
1112,Village A,1250162.3375260097,average,2
1113,Village C,1823633.743220244,poor,2
1114,Village C,570636.3144531645,good,3
1115,Village B,1954825.7697794128,poor,5
1116,Village B,1144906.525279144,average,0
1117,Village A,1379886.0668637755,good,1
1118,Village C,1958025.6615591554,poor,1
1119,Village C,1292245.2418051546,poor,1
1120,Village C,1823704.4392874015,average,5
1121,Village B,2069454.3770372074,poor,2
1122,Village B,1555016.5450237528,average,0
1123,Village C,1655724.0779123558,poor,1
1124,Village C,1440282.0630281405,poor,5
1125,Village C,1557798.99853186,average,4
1126,Village B,941797.610024984,average,3
1127,Village C,1353130.9567209624,poor,3
1128,Village C,855897.1965087403,good,1
1129,Village A,1050616.3877363007,good,2
1130,Village A,498525.4896639186,average,3
1131,Village B,1631964.0767524433,poor,3
1132,Village C,2345801.082688707,poor,3
1133,Village C,1271947.1324297145,average,3
1134,Village A,1982566.7952861898,average,1
1135,Village B,2062846.408008458,poor,5
1136,Village A,900431.3828258647,average,0
1137,Village A,1008103.041154589,poor,0
1138,Village A,1995399.0441761038,poor,2
1139,Village A,1453829.318504074,average,5
1140,Village C,854605.5669247037,average,4
1141,Village C,1181570.2065356965,poor,0
1142,Village A,1709830.1224060329,average,4
1143,Village B,1103031.662947583,good,0
1144,Village B,300000.0,average,0
1145,Village B,1338993.4113960818,average,2
1146,Village B,1379503.4030724019,poor,3
1147,Village A,1504613.2170721637,poor,2
1148,Village C,2129441.6866447646,poor,0
1149,Village B,1526761.3989495225,average,5
1150,Village A,1621468.6772128535,average,3
1151,Village B,2027768.4868247097,poor,5
1152,Village B,1505172.007917881,poor,5
1153,Village A,2568260.372645051,poor,5
1154,Village C,868145.853010499,poor,3
1155,Village C,1032926.143446078,good,5
1156,Village A,1806979.2041354068,average,3
1157,Village C,2127156.7664693194,poor,4
1158,Village A,1399602.5015656878,average,0
1159,Village A,994689.4146052971,average,1
1160,Village A,2380494.792612676,average,5
1161,Village C,1103815.5525978447,poor,2
1162,Village A,1669527.2255664894,poor,4
1163,Village B,2157075.9056738927,poor,2
1164,Village C,1279197.3882894896,good,1
1165,Village C,1188936.0813716429,average,3
1166,Village C,1223156.128985168,average,1
1167,Village C,1950775.6282873822,poor,2
1168,Village B,2030073.8526013298,poor,1
1169,Village C,1516862.6958810636,poor,0
1170,Village C,2441541.1265348666,good,1
1171,Village A,1515983.2796350638,poor,5
1172,Village C,2146166.6070840824,poor,0
1173,Village B,1283999.1978745302,good,5
1174,Village B,2666878.266852782,average,1
1175,Village B,2285065.707789856,average,0
1176,Village B,1436012.6822357422,poor,0
1177,Village C,2217270.1043585013,average,1
1178,Village C,2191990.2455860088,poor,4
1179,Village B,2276520.5381463245,average,3
1180,Village B,300000.0,poor,3
1181,Village C,1859675.7246454176,poor,3
1182,Village B,1771149.3846528707,average,0
1183,Village A,1735536.6404717264,average,3
1184,Village B,1609173.2166989488,average,0
1185,Village B,1623905.6397572632,poor,4
1186,Village A,2141570.1526490403,poor,1
1187,Village A,1769736.686846686,average,1
1188,Village C,1608453.2218661814,average,0
1189,Village C,2069690.5074178092,good,0
1190,Village A,1709013.0892059351,average,4
1191,Village A,1756784.2136766901,average,3
1192,Village C,2433518.554405614,good,4
1193,Village B,1282759.6437251763,poor,1
1194,Village A,742144.8307993787,poor,1
1195,Village C,1536181.7554953985,poor,5
1196,Village B,1607271.6724784821,poor,3
1197,Village A,1860764.5147285955,average,1
1198,Village B,1553657.9573309806,average,5
1199,Village C,1877559.6219862793,average,0
1200,Village A,2752308.340135785,poor,1
1201,Village B,1900757.1594385046,average,2
1202,Village A,1988657.650525734,poor,3
1203,Village B,1435234.296138783,average,5
1204,Village C,807371.4552463489,poor,3
1205,Village C,350944.2064351274,good,3
1206,Village A,1240659.7089321408,poor,2
1207,Village B,300000.0,poor,4
1208,Village A,1756774.512509637,average,0
1209,Village A,1308591.507787573,good,3
1210,Village B,843312.5667623784,average,1
1211,Village B,1565437.0599743128,average,0
1212,Village B,1130683.9031790982,good,1
1213,Village C,1725388.1268253843,good,0
1214,Village A,1853813.164911252,average,0
1215,Village A,1149082.9185057792,average,5
1216,Village C,1381359.409454837,poor,1
1217,Village B,1607447.87691911,good,1
1218,Village C,796478.8932287875,poor,0
1219,Village C,1607403.761438508,good,3
1220,Village C,784490.6759603022,poor,1
1221,Village A,1782858.4897764346,poor,2
1222,Village C,1282418.1686859005,average,2
1223,Village A,781728.6329778827,poor,0
1224,Village A,1210013.2004295879,poor,4
1225,Village A,1231162.7094032788,average,0
1226,Village B,2034260.4416934722,average,0
1227,Village A,1586652.349642897,average,3
1228,Village A,1021861.2712174336,poor,3
1229,Village B,2324533.143600243,average,5
1230,Village A,1813245.200755279,poor,4
1231,Village C,1331838.8157101688,poor,4
1232,Village C,723082.9071524888,average,4
1233,Village A,1287703.2102599032,good,4
1234,Village B,1389743.4576711648,average,4
1235,Village C,1684516.1657251278,average,0
1236,Village B,1803628.2548298277,poor,0
1237,Village B,1903291.0477053677,average,5
1238,Village C,694266.2845807264,poor,2
1239,Village B,1604252.410581621,good,2
1240,Village C,1420192.0873758942,good,5
1241,Village B,2838988.638084939,average,5
1242,Village C,1532347.2195481854,average,1
1243,Village A,1188673.4007693143,average,0
1244,Village C,1555184.4283584575,average,4
1245,Village C,1495715.8559946169,poor,1
1246,Village C,505480.3464244923,poor,3
1247,Village C,1704152.2317089187,average,0
1248,Village B,1344720.954660709,good,5
1249,Village A,1486654.3924197406,poor,2
1250,Village C,1063215.733054721,poor,0
1251,Village B,953042.8848938822,poor,5
1252,Village A,1939441.1670378225,good,0
1253,Village A,2054228.328221412,poor,0
1254,Village A,1709049.3027186175,poor,0
1255,Village A,594601.1997201828,average,3
1256,Village C,1741531.6796306618,average,2
1257,Village C,602031.7243316569,poor,0
1258,Village B,1169412.1825858674,poor,5
1259,Village B,1932779.2243786207,average,3
1260,Village B,1828799.2408522456,average,1
1261,Village A,1728483.6822667348,good,0
1262,Village A,2156451.3269598917,average,3
1263,Village C,1780007.5737039633,poor,4
1264,Village A,490490.3874795587,average,1
1265,Village A,1315234.57687182,poor,2
1266,Village A,1479195.7711344697,poor,0
1267,Village B,1420629.136615314,good,0
1268,Village B,1191432.4124488053,good,3
1269,Village C,984921.9332682027,poor,2
1270,Village A,2700372.4847296593,poor,4
1271,Village A,1305627.587397109,poor,1
1272,Village C,2675801.0266872263,poor,5
1273,Village A,929354.797621973,average,2
1274,Village A,1828530.034379504,poor,0
1275,Village B,1614820.7081949348,good,3
1276,Village C,1039025.2364674696,poor,4
1277,Village C,1266221.4450896583,average,3
1278,Village C,1492434.965319515,good,1
1279,Village C,1077941.6914169372,average,2
1280,Village B,1371929.7029822867,poor,3
1281,Village B,317548.78730469244,poor,5
1282,Village A,1855757.9951343695,poor,5
1283,Village A,2113575.8370613963,good,3
1284,Village A,1727181.8537493297,good,0
1285,Village A,2632129.06396889,good,3
1286,Village B,1841048.1137999466,good,4
1287,Village C,2071404.8193887798,poor,2
1288,Village B,2119181.4162550555,good,1
1289,Village A,300000.0,good,5
1290,Village B,1711836.5993747816,poor,3
1291,Village C,808532.5248416094,poor,4
1292,Village C,909548.2742145973,average,5
1293,Village B,996513.3640990425,poor,5
1294,Village B,1343642.0999913118,poor,1
1295,Village B,1825229.9803688484,good,5
1296,Village A,1716994.9125033522,good,4
1297,Village B,1493709.3085912012,poor,5
1298,Village B,1861341.7206029803,poor,5
1299,Village B,1891743.1607960514,good,3
1300,Village C,1721312.0946166727,average,3
1301,Village C,637747.606962607,poor,2
1302,Village A,1130333.605321638,average,0
1303,Village A,1513163.9169713245,good,4
1304,Village C,1866726.4415705423,good,0
1305,Village C,835710.1711380067,poor,0
1306,Village C,1494327.40511236,poor,5
1307,Village B,717187.771805274,good,1
1308,Village B,2012958.992859639,poor,1
1309,Village C,1621173.6391823622,average,5
1310,Village B,826931.9820220286,poor,4
1311,Village B,823635.7310978534,poor,0
1312,Village A,1693715.93579213,poor,2
1313,Village C,2187399.4572815825,poor,0
1314,Village C,951607.0812753264,good,1
1315,Village B,1893302.0543080387,poor,0
1316,Village C,1228881.1409860852,good,3
1317,Village A,1911597.0513464434,good,3
1318,Village A,1841595.4551826564,poor,2
1319,Village A,1577649.9207412198,average,4
1320,Village C,582804.3468597085,poor,0
1321,Village C,1840592.8250620565,average,3
1322,Village C,1751009.6354984324,average,4
1323,Village C,1705214.8765972513,poor,3
1324,Village C,1597837.0316154892,poor,4
1325,Village A,1060606.555833946,average,4
1326,Village B,2041481.3855095557,good,3
1327,Village A,1949069.860408318,poor,5
1328,Village C,962288.6115776674,average,1
1329,Village A,2157147.505258876,poor,4
1330,Village C,1565834.7173176936,good,5
1331,Village C,1564568.4765725862,poor,0
1332,Village A,1411822.3317906586,average,5
1333,Village C,1461003.3017074722,poor,3
1334,Village B,2185449.594154885,average,5
1335,Village C,2016537.4922992578,good,1
1336,Village B,2005923.5418197075,average,3
1337,Village B,1592282.1762726891,average,2
1338,Village C,1944585.8617671982,average,0
1339,Village A,1082843.4629797142,good,2
1340,Village B,1791721.4892490334,average,5
1341,Village A,1423255.9840155162,good,4
1342,Village B,470097.50629583874,average,5
1343,Village C,706949.1705890183,average,4
1344,Village C,1168510.60995539,poor,2
1345,Village B,1707576.992174355,average,2
1346,Village C,1168960.1058330154,poor,4
1347,Village B,1204441.6313076457,good,1
1348,Village C,1881630.4609374208,average,0
1349,Village A,1222493.9402751564,good,3
1350,Village C,2165403.6210172055,poor,2
1351,Village A,2082561.8699100674,poor,0
1352,Village C,1510940.6602856591,good,3
1353,Village A,1876730.7258291643,poor,5
1354,Village C,1808620.227178191,average,3
1355,Village A,1377167.3620202981,good,2
1356,Village B,1930817.331486073,average,1
1357,Village B,2004451.0276952635,poor,1
1358,Village A,1023782.3846047998,good,0
1359,Village C,1576774.3191603706,poor,5
1360,Village A,1571251.9112880828,good,0
1361,Village C,1924809.7337253522,poor,4
1362,Village B,1278070.8247753317,average,1
1363,Village C,1201119.8336117857,poor,0
1364,Village B,1584499.8301555768,average,4
1365,Village C,2090679.6116267866,poor,5
1366,Village C,900311.4422950331,good,3
1367,Village C,987596.9233314361,average,0
1368,Village A,1239747.5460147057,poor,4
1369,Village A,1328711.4639592238,average,1
1370,Village B,617208.5987812426,average,3
1371,Village B,2249097.643457574,poor,0
1372,Village A,1434846.704325444,poor,1
1373,Village B,1359947.7379100143,poor,3
1374,Village A,2311318.7690177085,poor,2
1375,Village C,1858896.7475619062,poor,1
1376,Village B,1232289.0613333257,poor,2
1377,Village B,1582303.9226540776,average,5
1378,Village A,1479131.4338117607,average,0
1379,Village B,2224175.428464638,poor,4
1380,Village B,1416287.8991582035,good,0
1381,Village C,778970.2290708951,good,1
1382,Village B,561387.9465973522,poor,2
1383,Village C,2237580.673703344,poor,2
1384,Village A,1105692.6511186848,good,3
1385,Village B,1835105.827816655,average,0
1386,Village C,1535881.715357526,poor,0
1387,Village A,1291672.6060608714,average,1
1388,Village B,1370076.2914984373,average,2
1389,Village A,2291688.9407647667,poor,1
1390,Village B,775968.2856784376,average,1
1391,Village A,1306772.3846220372,average,5
1392,Village A,1953282.8803418507,average,2
1393,Village C,858427.4957768719,good,1
1394,Village A,2158641.4038887923,poor,2
1395,Village B,1946124.8578768128,average,1
1396,Village B,1635897.8425661684,poor,4
1397,Village C,1248421.5478628662,poor,1
1398,Village B,794216.9224080214,poor,1
1399,Village B,1853522.9470670354,poor,4
1400,Village B,2874322.467241944,poor,0
1401,Village A,1572946.2679584292,poor,2
1402,Village A,586977.2946340495,poor,3
1403,Village B,1728758.2450633738,average,4
1404,Village C,1930131.4857005978,poor,0
1405,Village A,1041073.7840520315,average,1
1406,Village C,1177244.036955302,poor,5
1407,Village B,1126310.885626854,poor,0
1408,Village B,1234318.0665681555,poor,4
1409,Village A,1413918.442860977,poor,5
1410,Village B,1069549.4457532486,average,1
1411,Village A,882081.1293238875,poor,0
1412,Village B,1587187.6928375086,good,3
1413,Village B,1408668.9800681497,good,2
1414,Village A,1281879.1149415916,poor,2
1415,Village A,1541594.8583607571,average,4
1416,Village A,739912.1472207779,poor,1
1417,Village B,1631601.46149838,average,1
1418,Village B,1292155.8998552186,average,2
1419,Village C,1619744.73405639,poor,0
1420,Village A,1699824.5527094838,poor,1
1421,Village B,2065575.6391430888,poor,3
1422,Village B,1551477.2084944558,poor,3
1423,Village A,2033359.4150271632,average,1
1424,Village C,1339043.429434955,poor,1
1425,Village A,1362911.2433177882,poor,2
1426,Village C,1454535.9135881625,average,4
1427,Village B,1887062.450339106,average,2
1428,Village C,1815479.5385114567,poor,4
1429,Village B,1567535.939930897,average,3
1430,Village A,886132.3291977393,average,4
1431,Village A,1806529.587883163,average,2
1432,Village A,1069297.6826085146,average,1
1433,Village C,1042051.3031001401,average,4
1434,Village B,930757.4550311586,poor,2
1435,Village A,1458415.6445989823,average,3
1436,Village A,2105862.149235344,good,5
1437,Village B,1017319.7278098931,average,4
1438,Village A,2339287.976587044,poor,3
1439,Village B,1954905.111226786,poor,3
1440,Village B,767698.9683746878,good,0
1441,Village B,1308612.4089108394,poor,5
1442,Village B,979874.8665045975,poor,4
1443,Village B,1832477.7288678582,poor,2
1444,Village C,1005918.3261647953,good,4
1445,Village A,689440.2614719102,poor,4
1446,Village C,1337137.1116314558,poor,5
1447,Village A,2084697.0368481292,average,3
1448,Village C,1403741.8880787233,poor,3
1449,Village B,1699221.931678341,good,3
1450,Village A,1718615.5487735204,average,3
1451,Village A,743862.2036294626,average,5
1452,Village C,1050312.936422673,good,2
1453,Village C,1503232.0935987986,good,1
1454,Village A,1221322.5081723058,poor,0
1455,Village C,2352227.275197079,poor,3
1456,Village C,885838.802459555,good,3
1457,Village C,1045369.9483835748,poor,0
1458,Village B,1645272.1297398729,good,3
1459,Village B,1186053.3311083554,good,1
1460,Village C,300000.0,poor,4
1461,Village C,2467340.6147069084,good,0
1462,Village B,962847.3068867564,poor,2
1463,Village B,1780446.361340903,average,0
1464,Village A,873304.4143879226,poor,1
1465,Village A,1068482.546458505,good,5
1466,Village B,688533.498659381,average,2
1467,Village C,1129403.29986846,average,4
1468,Village C,1177859.0912757253,good,3
1469,Village C,1433717.1613275516,average,0
1470,Village C,1313715.5788117754,poor,2
1471,Village A,779240.0865180859,good,0
1472,Village B,1238050.0858280365,average,4
1473,Village C,2223505.3333874037,good,0
1474,Village A,2164195.2727059065,good,2
1475,Village C,1727843.514457345,poor,1
1476,Village B,1831549.6233700865,poor,5
1477,Village A,2530411.400567673,poor,2
1478,Village B,1785623.8297942488,average,0
1479,Village B,1822094.9302687754,poor,4
1480,Village A,717708.4869432288,average,3
1481,Village A,943684.7193809306,poor,3
1482,Village A,1483654.8414993985,poor,4
1483,Village A,1096278.8874628763,poor,0
1484,Village A,1001022.3564884141,poor,5
1485,Village A,1058770.4758838757,average,4
1486,Village A,788214.6789094362,poor,0
1487,Village C,1104307.7569589743,poor,2
1488,Village B,1669717.7774054494,poor,5
1489,Village A,2398161.9632423427,average,1
1490,Village C,1898491.0913568095,good,0
1491,Village C,1818077.7425197177,poor,3
1492,Village C,688233.307800797,average,3
1493,Village B,1559648.3525110085,poor,5
1494,Village A,1466520.04835143,poor,1
1495,Village C,1645370.5484755894,average,0
1496,Village B,1319656.2652612703,poor,1
1497,Village B,2331038.3705073344,average,2
1498,Village B,1526387.7581489114,poor,1
1499,Village C,1575111.6774684363,good,2
1500,Village A,518779.8875765748,poor,3
1501,Village C,1446662.1590278395,average,2
1502,Village C,2074629.6750153173,good,0
1503,Village A,1777787.8040705177,poor,5
1504,Village A,422204.53012844594,average,5
1505,Village A,1275162.463426888,poor,0
1506,Village B,2365949.733681502,average,0
1507,Village A,1424679.6398592377,poor,0
1508,Village C,1661207.9913555637,poor,4
1509,Village A,2309504.6436436507,average,2
1510,Village C,1422692.929226547,poor,0
1511,Village B,1895514.9299789516,average,5
1512,Village C,1705697.9385791805,poor,1
1513,Village C,1812574.431755196,poor,1
1514,Village A,1689607.828416735,average,4
1515,Village A,1226185.0607426069,average,2
1516,Village C,1276101.2242886652,poor,2
1517,Village A,1072711.9098158374,poor,2
1518,Village B,680145.4405648555,poor,5
1519,Village B,2122264.9553383216,poor,5
1520,Village A,1505041.483440605,poor,4
1521,Village B,2097080.0912622288,poor,2
1522,Village A,2282686.3372923248,average,2
1523,Village C,1526708.740454772,average,0
1524,Village C,843255.4341546876,poor,2
1525,Village B,1401905.927073767,poor,5
1526,Village A,1164428.1966184392,poor,0
1527,Village A,509924.7704725063,average,0
1528,Village B,1249135.5475355608,good,2
1529,Village C,1464231.3939677435,average,1
1530,Village B,1178337.8021176725,average,3
1531,Village C,1114227.4565242566,good,5
1532,Village A,861232.0889335227,poor,1
1533,Village C,1597961.0741771387,poor,2
1534,Village B,2434634.6416081204,average,2
1535,Village A,2139311.944025574,poor,1
1536,Village B,1826813.4439934825,average,2
1537,Village B,1837704.5594655205,average,5
1538,Village C,1433678.4278704375,average,0
1539,Village B,597743.4103564798,poor,4
1540,Village C,1315284.1552696503,average,2
1541,Village A,1015361.1563339247,average,2
1542,Village C,1577348.3746726618,good,1
1543,Village A,2116607.351969377,average,0
1544,Village C,2486704.79512423,good,1
1545,Village B,1532310.515590266,poor,5
1546,Village C,666421.8314113221,poor,1
1547,Village C,1531338.025080989,poor,2
1548,Village A,1544928.081456691,poor,0
1549,Village B,1839421.9352630994,good,5
1550,Village C,1490402.2247995846,good,2
1551,Village B,1533259.13698034,poor,5
1552,Village C,1183969.6210564706,poor,2
1553,Village C,1344049.0084455607,poor,2
1554,Village B,1756616.2134075915,good,2
1555,Village C,495758.14192824974,poor,4
1556,Village B,1341355.7171680876,poor,3
1557,Village C,1843949.983997955,poor,0
1558,Village A,2320364.470502767,poor,4
1559,Village B,1300831.7779348816,good,3
1560,Village C,2092684.8904118936,poor,5
1561,Village C,2345011.9227089714,poor,3
1562,Village A,1307308.799468661,poor,3
1563,Village B,1220895.7335840901,average,4
1564,Village C,1408962.7649540368,average,0
1565,Village A,1459024.1074684523,poor,1
1566,Village C,2045411.33392776,poor,3
1567,Village B,1113137.410245202,good,1
1568,Village C,2269032.7180527346,poor,1
1569,Village C,1099621.223636891,average,2
1570,Village C,867787.5401912183,poor,1
1571,Village C,1761888.6057793393,poor,5
1572,Village A,2115280.214434603,average,5
1573,Village A,1589327.7405064565,good,2
1574,Village B,1717542.1989831368,average,0
1575,Village A,2477148.6190126557,poor,0
1576,Village A,2122326.3907676507,average,5
1577,Village B,1515462.7088912497,average,2
1578,Village A,1284426.558409031,average,0
1579,Village A,2047529.433240693,average,3
1580,Village B,1914641.9567129435,poor,0
1581,Village B,1709288.3413300414,average,2
1582,Village B,1336493.1570032558,average,5
1583,Village C,1461805.1818665834,poor,3
1584,Village C,1426240.217690972,average,1
1585,Village B,1344815.6082093525,poor,1
1586,Village B,1199425.9317020087,poor,1
1587,Village B,1632599.3179741509,good,5
1588,Village C,1176842.352115328,poor,2
1589,Village C,1588689.585457234,poor,1
1590,Village A,450063.38389047654,average,0
1591,Village A,1200062.915699592,good,1
1592,Village B,2049164.600347024,good,4
1593,Village C,1049785.3872677553,average,5
1594,Village C,1796050.9805215716,poor,4
1595,Village C,1091358.1249834616,good,1
1596,Village B,1887892.82839661,average,1
1597,Village A,1351445.5264007293,poor,4
1598,Village B,1331676.697817357,good,5
1599,Village A,1527175.7392735083,poor,5
1600,Village A,828286.5164391522,poor,1
1601,Village B,1986045.4093782306,good,5
1602,Village A,2151716.7207578686,average,3
1603,Village A,1319984.2515025213,poor,5
1604,Village C,1762102.0854507734,poor,4
1605,Village A,1889455.3401060286,average,2
1606,Village B,1454371.2238341859,poor,4
1607,Village B,945876.4236410673,poor,0
1608,Village A,2297041.065975922,average,3
1609,Village C,1303739.1475356007,good,2
1610,Village C,1195432.6153930952,average,1
1611,Village A,2319395.965666963,average,0
1612,Village A,1805029.3837781018,average,0
1613,Village B,1628715.0380290067,average,3
1614,Village A,1014619.6682987247,poor,2
1615,Village C,1901402.0291066105,good,0
1616,Village A,2948259.3027598727,poor,2
1617,Village B,1940253.8319392698,poor,2
1618,Village B,1748044.2481462825,poor,5
1619,Village B,1860546.398243048,average,0
1620,Village B,1335942.3334157288,poor,2
1621,Village B,1331174.6352034258,poor,3
1622,Village A,1324777.2578818917,average,0
1623,Village A,1212525.0223065615,good,3
1624,Village A,1323777.567111991,average,3
1625,Village A,1321446.4038755407,poor,2
1626,Village B,1377657.7455829342,poor,2
1627,Village C,1363660.98420995,average,5
1628,Village A,1621505.9285048505,poor,5
1629,Village C,1539396.5091039229,average,0
1630,Village A,1583681.2267558514,poor,5
1631,Village A,2261148.781672241,good,1
1632,Village C,1538367.1193582558,average,0
1633,Village B,2605445.4964003908,poor,3
1634,Village A,1676344.769911306,good,5
1635,Village A,1276370.2045585813,poor,5
1636,Village A,2174791.6195234996,poor,5
1637,Village C,1460236.3661459007,good,2
1638,Village B,303157.9241329357,poor,3
1639,Village C,1497998.429082408,poor,5
1640,Village C,1375412.0810280212,poor,4
1641,Village B,2303273.6931441673,poor,4
1642,Village C,1051216.6574998165,poor,3
1643,Village B,1333672.590960864,average,5
1644,Village A,2133819.6880302294,average,1
1645,Village B,1697204.2663620901,poor,1
1646,Village A,1414271.587513433,poor,0
1647,Village C,1121757.166763483,good,0
1648,Village C,1675872.8634375152,good,5
1649,Village A,1485349.4283908657,average,0
1650,Village C,1116085.3673964012,good,2
1651,Village B,1142076.7293360676,average,1
1652,Village A,1092763.942777459,poor,3
1653,Village C,1003722.1931180602,poor,5
1654,Village A,1967016.879986168,poor,5
1655,Village B,1899696.6793102191,good,4
1656,Village B,1967837.2281928966,average,1
1657,Village C,1502249.7743842623,average,1
1658,Village B,1378685.6060999217,poor,1
1659,Village A,1387808.9450543318,average,0
1660,Village B,2010550.786453054,average,2
1661,Village A,589926.0890020855,good,3
1662,Village A,1242756.948321289,poor,0
1663,Village B,1056327.1862477914,average,2
1664,Village C,2179943.773294204,poor,1
1665,Village B,1261271.2382764409,average,2
1666,Village A,682005.5822801129,average,0
1667,Village A,1611711.8211233949,poor,1
1668,Village B,1314942.9025530429,average,0
1669,Village C,1221535.5961575191,poor,3
1670,Village C,1169984.0216370863,good,1
1671,Village A,1150257.6104195965,poor,2
1672,Village A,1854280.1574283224,average,0
1673,Village C,1611893.6832789218,good,4
1674,Village B,1401017.1221847355,poor,2
1675,Village A,950880.5615768319,average,2
1676,Village A,1415553.3383060396,average,1
1677,Village C,1630313.9288000131,poor,5
1678,Village B,1649327.2241297453,average,2
1679,Village C,1580442.1914958844,average,0
1680,Village B,1038703.6665862359,good,4
1681,Village B,300000.0,good,3
1682,Village B,2399809.3800259666,average,4
1683,Village A,845181.5629457344,average,0
1684,Village C,517521.0206665308,good,1
1685,Village C,1565257.806502048,average,0
1686,Village B,645740.7483846396,poor,5
1687,Village A,1097600.6257125572,poor,5
1688,Village A,1774425.2129044142,good,5
1689,Village C,2386343.634237023,average,2
1690,Village A,1693755.9041361883,average,1
1691,Village A,1280420.3645615599,poor,5
1692,Village B,1474290.2227965791,good,3
1693,Village A,595707.0214125487,poor,3
1694,Village B,1274623.945417425,average,0
1695,Village C,1275109.1980365277,poor,5
1696,Village A,1576664.33106859,poor,2
1697,Village C,2471094.8063468854,average,3
1698,Village C,531602.3556338805,good,4
1699,Village A,1296161.1942127566,poor,1
1700,Village A,583245.2280040771,poor,4
1701,Village C,1248317.953374746,poor,3
1702,Village A,1067698.9294410031,poor,3
1703,Village B,752826.8462492999,poor,0
1704,Village B,1956546.0152648897,average,0
1705,Village A,1627823.8519252148,good,5
1706,Village C,1897927.8148270228,poor,1
1707,Village A,1234173.0876662529,average,5
1708,Village A,1464641.7621099586,poor,0
1709,Village C,2297320.320608157,poor,2
1710,Village C,1498639.9024454437,poor,1
1711,Village B,1903978.2745797206,average,2
1712,Village C,1191271.8486416354,poor,5
1713,Village B,1858008.67168213,poor,0
1714,Village C,1225540.3200973491,poor,1
1715,Village A,551788.8119701637,poor,5
1716,Village B,1496208.556039479,poor,3
1717,Village B,1264848.4286980191,good,5
1718,Village B,687609.320301369,average,4
1719,Village A,1595746.4258365869,good,3
1720,Village A,1053236.7575233392,poor,2
1721,Village A,3046320.639231341,poor,3
1722,Village A,767778.8832931663,poor,5
1723,Village A,893537.5287749302,poor,3
1724,Village B,1934775.5533238954,average,4
1725,Village A,1433489.0596799555,poor,5
1726,Village B,1924601.154631109,poor,4
1727,Village A,1690195.5269489503,average,3
1728,Village C,1208846.4360344089,poor,4
1729,Village B,810453.803460184,good,3
1730,Village C,2035541.540364016,poor,1
1731,Village B,855774.9072053502,average,3
1732,Village C,1779452.9805820805,poor,0
1733,Village A,1959499.3786284244,good,4
1734,Village A,1436541.0979850197,poor,4
1735,Village A,1347926.2321560984,average,2
1736,Village B,1008136.9476694899,poor,2
1737,Village C,1731371.3583521508,average,0
1738,Village A,300000.0,poor,4
1739,Village C,1857863.1695284052,poor,4
1740,Village C,1559738.170487857,good,2
1741,Village A,1388592.1501401588,good,2
1742,Village A,1621151.137331924,poor,3
1743,Village C,813221.8040339357,good,5
1744,Village A,300000.0,poor,4
1745,Village A,1734287.5349769806,good,4
1746,Village A,2158273.086092345,average,3
1747,Village B,630299.0140316315,average,4
1748,Village C,973759.9615017936,good,0
1749,Village C,1876162.4465137185,good,2
1750,Village B,1679444.8799734262,poor,2
1751,Village C,2981554.228153354,average,5
1752,Village A,2037828.734412949,poor,2
1753,Village C,1917712.2359465242,good,1
1754,Village A,1118105.6500025587,average,0
1755,Village B,1762402.8981953412,poor,0
1756,Village A,2247706.831237685,average,3
1757,Village C,1417804.6174635473,average,1
1758,Village C,1441392.713131434,average,4
1759,Village C,1570676.7633034664,poor,5
1760,Village B,1167750.6592638826,poor,0
1761,Village B,1634481.757061657,average,1
1762,Village C,1621986.0691378408,poor,1
1763,Village A,2239993.2065903284,poor,0
1764,Village B,1405303.7787446484,average,3
1765,Village C,1837364.2730317533,poor,1
1766,Village C,1420217.3590039744,average,2
1767,Village B,1819879.7208911222,average,1
1768,Village B,1374970.7721040512,average,4
1769,Village B,1786736.4934726031,poor,0
1770,Village A,1864117.914544224,poor,4
1771,Village A,966671.9334710955,poor,3
1772,Village C,2051187.7103353003,good,5
1773,Village B,1416761.3065259892,poor,2
1774,Village A,1265101.6526869254,good,0
1775,Village B,1144995.944164989,average,1
1776,Village C,1649100.1390491205,good,2
1777,Village A,1497689.155548239,poor,1
1778,Village A,1685403.592770843,poor,3
1779,Village A,1695110.3921592396,good,5
1780,Village C,1804292.3226750891,poor,0
1781,Village B,2888142.058076529,poor,3
1782,Village A,1519845.8786659255,poor,3
1783,Village C,1132713.3067137133,good,5
1784,Village B,490093.333830883,average,3
1785,Village C,902341.6009047069,average,3
1786,Village B,2117674.325376455,average,1
1787,Village C,1859962.2533865536,poor,4
1788,Village B,825006.9767425031,average,1
1789,Village A,2732106.2204996105,poor,5
1790,Village B,1663382.2388307543,good,2
1791,Village C,1730158.3599401694,poor,5
1792,Village C,2622112.5899680406,poor,5
1793,Village B,2369727.8604141064,average,5
1794,Village A,1890568.7379160803,poor,5
1795,Village A,1914606.9704131277,average,3
1796,Village B,1961392.5480854334,poor,5
1797,Village B,1379516.434143992,poor,2
1798,Village C,1643396.4487720986,average,5
1799,Village A,1787160.2470373563,average,1
1800,Village B,1436608.702810794,poor,3
1801,Village A,1017290.2451422235,average,1
1802,Village B,1366934.799345666,poor,3
1803,Village B,1006033.6960470397,poor,1
1804,Village A,1532186.2854361152,poor,0
1805,Village B,609771.4239967434,good,4
1806,Village B,1670519.2552537736,average,4
1807,Village C,684362.7522159176,poor,3
1808,Village B,1298263.4700034976,average,0
1809,Village B,1752050.5372404228,good,2
1810,Village B,1895573.355756265,poor,0
1811,Village C,1836179.6044417508,good,3
1812,Village A,1659866.9572369403,poor,0
1813,Village C,940363.342376254,good,2
1814,Village C,1990304.1774333788,average,3
1815,Village A,951799.3177474444,poor,4
1816,Village C,2047287.9102271628,poor,5
1817,Village A,1813852.3787408527,good,0
1818,Village C,2179450.757369769,average,4
1819,Village A,1512434.2420081485,average,4
1820,Village B,1090617.9463944896,poor,1
1821,Village C,853673.7379203751,poor,2
1822,Village C,909210.3327135369,poor,5
1823,Village C,681612.6256964935,poor,0
1824,Village C,1971001.4584682826,average,4
1825,Village B,2033708.4765161998,good,4
1826,Village C,1776849.9626284242,average,2
1827,Village B,1483479.5439633606,poor,5
1828,Village B,2530479.718231256,average,5
1829,Village B,1450925.7585179962,good,4
1830,Village B,1610458.4040719466,average,4
1831,Village A,1476074.2433354403,average,4
1832,Village A,1330845.9667682762,good,4
1833,Village C,1815487.244915549,average,1
1834,Village A,1183251.6553977386,poor,1
1835,Village A,1149711.08674268,poor,5
1836,Village C,1840734.692704677,good,3
1837,Village C,1251195.8167188305,average,0
1838,Village C,1566741.0140375898,poor,2
1839,Village A,1329335.9401182365,average,3
1840,Village A,1494224.350886676,average,1
1841,Village C,1163355.440766688,good,1
1842,Village B,1179705.6236254533,poor,1
1843,Village C,1090133.9390948578,average,3
1844,Village B,1921665.0549307256,good,1
1845,Village B,1585942.4171256647,poor,3
1846,Village C,1959275.4118968323,poor,1
1847,Village C,2012693.2822719808,good,4
1848,Village C,1270042.8364321631,average,4
1849,Village A,1940792.492194282,average,0
1850,Village B,1492939.6390332836,average,1
1851,Village A,1420663.247260374,poor,0
1852,Village A,2126183.5483303876,good,3
1853,Village C,1776884.231407716,poor,0
1854,Village A,1323787.8724681363,poor,1
1855,Village C,1744396.6577633242,poor,3
1856,Village B,867143.6739152053,poor,3
1857,Village C,1623656.4905698083,good,4
1858,Village A,750204.2245709082,average,3
1859,Village A,1007800.1870659085,good,3
1860,Village C,1792319.8491345595,poor,0
1861,Village C,300000.0,average,5
1862,Village A,2401255.929537378,average,3
1863,Village B,1917246.3603523006,good,2
1864,Village B,580733.438755131,average,5
1865,Village C,2699249.3033466153,poor,4
1866,Village B,2837051.9462430086,poor,4
1867,Village A,1409754.170505131,poor,3
1868,Village C,1036755.4676498782,average,0
1869,Village A,2343151.7871014317,good,5
1870,Village A,1328104.9312798702,poor,4
1871,Village B,1580519.753906427,poor,4
1872,Village C,2108644.8669613837,poor,2
1873,Village C,1423244.2681034016,average,3
1874,Village B,1379472.8748416658,poor,5
1875,Village A,863802.5113973907,poor,4
1876,Village A,1184728.4521309922,poor,4
1877,Village A,1369615.076871966,average,4
1878,Village A,880718.4054826665,average,4
1879,Village C,926032.0908953111,average,0
1880,Village C,1516800.6583219948,poor,1
1881,Village B,575147.9271640199,average,2
1882,Village B,1060418.4921893342,poor,0
1883,Village C,2472296.996798511,poor,2
1884,Village C,1327265.676429964,average,4
1885,Village A,1264638.2958980745,poor,2
1886,Village A,1325027.0827425797,average,3
1887,Village B,1332923.8092728336,poor,3
1888,Village C,1787434.434919192,poor,1
1889,Village B,1752433.0765889003,good,1
1890,Village C,1304620.7934677398,average,2
1891,Village A,1393081.2884310288,average,0
1892,Village B,2156386.55899503,good,0
1893,Village B,744847.622764875,average,4
1894,Village C,1471208.9917256394,average,0
1895,Village A,1567623.2701756158,average,1
1896,Village B,1111658.5699504423,poor,0
1897,Village A,1442431.6982543513,poor,4
1898,Village B,1044161.7695990582,average,3
1899,Village A,1818584.5353507518,poor,0
1900,Village C,830896.6722478104,poor,0
1901,Village B,2031166.8312100298,poor,1
1902,Village B,1463347.4214552213,poor,2
1903,Village A,1275983.0702831447,poor,3
1904,Village A,997651.4501728632,poor,2
1905,Village B,2015328.8979937322,poor,4
1906,Village C,1174068.9329830203,poor,4
1907,Village A,916375.7202527585,average,2
1908,Village A,2025731.6595040597,poor,1
1909,Village A,1047847.0932526707,good,5
1910,Village B,1452758.8429277565,good,1
1911,Village B,1909401.8878686316,average,5
1912,Village B,1578978.801390477,average,5
1913,Village B,2365425.7729349867,poor,1
1914,Village C,1082524.815856161,poor,5
1915,Village C,1394744.3317001297,good,5
1916,Village B,1433410.929866159,poor,5
1917,Village C,1810617.4762869976,good,3
1918,Village A,2144311.563919047,average,4
1919,Village A,1536808.2548143486,poor,5
1920,Village A,1431168.084819858,average,4
1921,Village B,758504.0660850673,average,4
1922,Village A,1556190.5948983475,poor,3
1923,Village C,1174849.9950017733,poor,4
1924,Village B,1809218.1552993848,average,2
1925,Village C,1295157.905390986,average,0
1926,Village A,1379680.9728149644,poor,3
1927,Village A,769865.9927082153,poor,0
1928,Village A,594273.9581187306,good,2
1929,Village B,2430493.5200918056,average,1
1930,Village C,1564841.954782638,average,1
1931,Village B,1702167.7388153044,good,5
1932,Village B,1043852.5184086234,poor,1
1933,Village A,1937761.8035893063,average,3
1934,Village B,1847569.9479521802,good,1
1935,Village B,1098786.4027885953,average,3
1936,Village A,970247.2820773066,poor,3
1937,Village B,1133736.1580863637,poor,0
1938,Village A,1485858.675646444,average,1
1939,Village A,1583553.5015701128,poor,4
1940,Village A,1519197.0041193254,good,1
1941,Village A,2149365.054320102,poor,1
1942,Village B,1142521.574951971,poor,1
1943,Village A,956669.0044855402,poor,5
1944,Village A,1500049.5109259102,average,4
1945,Village B,653457.5920845269,good,4
1946,Village B,1847868.749255309,average,3
1947,Village C,1548981.6322380633,good,4
1948,Village B,1330980.979545027,poor,3
1949,Village B,1303223.5633754304,poor,0
1950,Village C,1954997.8910606164,good,3
1951,Village B,1939073.9676692653,good,1
1952,Village B,1376814.0707933235,good,2
1953,Village B,1795884.4117789394,average,2
1954,Village B,1931685.230920169,poor,5
1955,Village C,1667763.1128123563,poor,1
1956,Village B,1397267.4901856375,good,3
1957,Village B,1690583.8537453006,poor,1
1958,Village C,980456.6785353124,poor,5
1959,Village A,1535552.7846469628,average,4
1960,Village C,1383436.8721868715,poor,3
1961,Village A,1305067.1881032658,good,1
1962,Village C,636739.4940682848,poor,4
1963,Village C,986201.1242937855,average,5
1964,Village B,1257052.5879373092,average,4
1965,Village A,1947519.5903193783,average,3
1966,Village B,1642911.7452019937,average,5
1967,Village A,1969837.124013951,poor,5
1968,Village C,2121456.691200065,average,5
1969,Village C,1664654.5726247476,average,0
1970,Village A,1570146.7053401484,average,5
1971,Village B,1013503.0016573948,poor,0
1972,Village B,2493335.632286655,poor,4
1973,Village B,791077.9641449047,poor,0
1974,Village B,1559367.0441042476,average,4
1975,Village C,1916399.501772691,poor,0
1976,Village C,1923368.7887656689,good,4
1977,Village C,922455.4547803382,average,4
1978,Village C,1290048.4985662047,average,5
1979,Village C,1100522.6139411684,good,5
1980,Village B,509782.8852169898,poor,4
1981,Village B,1565163.3708724808,good,5
1982,Village B,1141192.3018800113,average,4
1983,Village B,2252741.142355673,good,5
1984,Village C,1807587.219094336,good,2
1985,Village C,1520700.9751070533,poor,0
1986,Village C,1263650.2338145655,poor,4
1987,Village A,1557558.0348928373,average,1
1988,Village B,1372063.09204211,average,5
1989,Village B,1534769.5544465543,poor,5
1990,Village C,2450817.8854159843,poor,3
1991,Village B,967621.9223261612,poor,1
1992,Village B,1415679.0656758633,average,1
1993,Village C,1853194.200151112,good,2
1994,Village A,1299929.5791070876,average,0
1995,Village A,2290270.920304185,poor,2
1996,Village A,1839229.5765059192,poor,0
1997,Village C,1140554.7924151882,poor,4
1998,Village B,1602034.3511374912,average,2
1999,Village C,1147695.6329060993,good,3
2000,Village C,1101670.8428229527,poor,0
2001,Village B,1429901.0101452095,average,2
2002,Village A,2131880.5809508907,good,3
2003,Village A,1872722.5198923582,good,1
2004,Village C,1488711.196751372,poor,5
2005,Village A,1890593.0974011964,poor,4
2006,Village C,1634309.3552079143,poor,4
2007,Village C,915053.4871873561,average,1
2008,Village B,1427431.1904058447,good,2
2009,Village B,1463420.2020092672,poor,5
2010,Village B,1880845.1684629812,poor,1
2011,Village C,1216764.7496989516,good,3
2012,Village B,1043667.7121696147,average,5
2013,Village A,1477226.5216065967,good,0
2014,Village A,1177287.7480027236,poor,2
2015,Village C,1338245.390208182,poor,5
2016,Village C,1459560.2135544368,poor,0
2017,Village B,1308477.9181377722,poor,1
2018,Village C,1981591.3714264084,average,4
2019,Village C,2207147.553002211,poor,5
2020,Village A,1931455.371479107,poor,5
2021,Village A,614401.4174225683,good,0
2022,Village B,1179013.168849083,poor,0
2023,Village C,1410673.9404839023,average,4
2024,Village C,576863.370324962,poor,0
2025,Village A,1062054.1414253598,good,0
2026,Village C,1404285.0153837248,poor,5
2027,Village A,1275512.9594354692,average,4
2028,Village B,1504325.0886544592,poor,4
2029,Village A,809585.8193615229,poor,5
2030,Village C,1269858.8246415819,average,1
2031,Village B,1575954.8753632896,poor,1
2032,Village A,1505100.735712435,poor,5
2033,Village A,1723446.7888239413,good,0
2034,Village B,1694287.1809987666,good,2
2035,Village B,1296446.5156229176,poor,1
2036,Village A,1560059.4415375611,poor,1
2037,Village C,1100003.4526524816,poor,5
2038,Village A,1364885.840486356,poor,5
2039,Village B,972191.264025147,good,2
2040,Village A,2032712.2161381291,average,2
2041,Village B,1363252.849734634,average,4
2042,Village B,2031971.7231140316,good,5
2043,Village C,1655748.0343442229,average,1
2044,Village B,1057168.8691718844,average,3
2045,Village B,1625553.29950076,poor,3
2046,Village C,1904859.1325439224,poor,0
2047,Village B,1461209.6041987434,average,1
2048,Village C,1537014.6761706192,poor,3
2049,Village C,1224271.345822461,poor,1
2050,Village B,1512051.6132386737,poor,5
2051,Village B,1618949.0944010708,poor,1
2052,Village A,1210592.092940745,average,3
2053,Village C,960352.0316601729,average,1
2054,Village A,2143985.2497915975,poor,2
2055,Village B,1802060.2529923706,poor,0
2056,Village A,1226170.947314308,average,4
2057,Village C,1609828.6285790275,poor,3
2058,Village A,760710.6661635055,average,5
2059,Village C,511464.51304482203,average,4
2060,Village B,2042066.5437389005,poor,0
2061,Village B,1614775.5701307706,average,2
2062,Village C,1476148.765257692,average,2
2063,Village B,1616328.6024064764,poor,2
2064,Village B,3113065.8294598507,poor,2
2065,Village B,1934547.643122662,good,3
2066,Village B,977279.8668125966,poor,3
2067,Village C,659811.8040398376,good,1
2068,Village A,2027267.8816797081,average,5
2069,Village A,1928047.9271150036,poor,1
2070,Village B,1787530.3837752205,poor,5
2071,Village A,1093560.4845503033,average,0
2072,Village A,1681642.6949419877,poor,1
2073,Village B,1138327.4156282675,average,0
2074,Village B,1831390.9430104806,good,0
2075,Village A,1991328.4536361708,good,0
2076,Village C,1228263.6205852325,poor,2
2077,Village B,2065905.0806077118,good,4
2078,Village C,1557426.199781355,good,4
2079,Village A,1745936.6062209927,good,3
2080,Village B,845183.3181545979,average,0
2081,Village C,1616107.25297745,average,2
2082,Village B,1162207.8062926661,average,1
2083,Village A,1737316.7270070869,poor,1
2084,Village C,2233581.334825631,good,3
2085,Village A,1644760.1046581762,poor,3
2086,Village A,1049572.5467834082,poor,0
2087,Village B,1813233.0458887932,good,0
2088,Village C,1700894.3728938582,poor,1
2089,Village A,2529300.8732001544,good,1
2090,Village A,1626983.9804504719,average,1
2091,Village C,1207262.5043879657,poor,1
2092,Village A,1885320.6128231888,poor,4
2093,Village A,1436160.9638472032,average,0
2094,Village C,1540125.4948558868,average,0
2095,Village C,1035761.9848122239,good,1
2096,Village C,1438782.5935982934,good,2
2097,Village C,1515402.348745218,poor,1
2098,Village B,1435825.6621315612,poor,5
2099,Village C,1204556.3187845894,good,3
2100,Village B,1644114.5651726476,average,5
2101,Village B,1038263.7915790831,poor,2
2102,Village B,920502.6997380025,good,3
2103,Village A,1854768.0853632204,good,2
2104,Village B,1808875.0890436422,average,3
2105,Village B,846197.7596598238,poor,1
2106,Village A,585222.4767837687,average,1
2107,Village A,995628.9773017158,average,2
2108,Village A,1435850.502763401,good,3
2109,Village C,2077174.787382753,good,4
2110,Village A,1423627.71609374,average,2
2111,Village A,1115319.4756359842,average,2
2112,Village B,1574293.1145415304,good,5
2113,Village A,1442991.9423752096,poor,0
2114,Village C,809496.346273501,poor,2
2115,Village A,812468.5575406444,good,4
2116,Village C,825901.2489423533,poor,1
2117,Village A,2739925.7674539685,poor,3
2118,Village A,1929990.7201368066,poor,0
2119,Village A,1203141.9707323187,poor,3
2120,Village A,2054133.4114144659,poor,1
2121,Village C,1215971.8561692676,poor,2
2122,Village C,2037590.1984868646,good,5
2123,Village B,1540153.2285347271,average,4
2124,Village C,1170574.3751013514,average,0
2125,Village A,1839910.172914485,poor,4
2126,Village B,1568759.7863618424,average,4
2127,Village B,1699133.886089663,average,4
2128,Village B,1607753.5115920545,average,4
2129,Village A,1602507.386435464,poor,1
2130,Village C,1900276.9440433723,poor,4
2131,Village A,2791903.4244088335,good,5
2132,Village B,2124395.950274779,average,4
2133,Village A,1609822.5801415227,average,1
2134,Village A,1344696.5425502134,average,3
2135,Village C,1399632.5409990042,poor,1
2136,Village C,871935.3526947752,average,5
2137,Village B,1832271.771276608,poor,5
2138,Village A,992538.6541708288,average,2
2139,Village A,1313772.8439753684,good,1
2140,Village C,1835174.3514509997,average,3
2141,Village A,1381337.348101737,poor,2
2142,Village A,1253856.0047353734,poor,2
2143,Village A,901259.6569471784,average,0
2144,Village C,2102663.3661524057,good,4
2145,Village B,1083389.0672735604,average,2
2146,Village B,1207062.0865260256,average,2
2147,Village A,604135.2900830694,poor,5
2148,Village B,1490069.4760960499,average,3
2149,Village C,1333352.5568192203,average,2
2150,Village C,1590928.9584842066,good,3
2151,Village B,912684.1615212132,poor,4
2152,Village B,1867090.3967675678,average,5
2153,Village A,580394.7235769419,poor,0
2154,Village B,1453911.250008797,average,0
2155,Village A,1557744.1415697918,good,4
2156,Village A,1528887.0033530425,poor,4
2157,Village C,1578877.435580134,poor,5
2158,Village C,1894335.8421304333,average,5
2159,Village C,2162349.352486525,average,1
2160,Village C,1422196.0358435297,poor,2
2161,Village B,1016078.6824301933,poor,2
2162,Village C,1780358.6411463781,average,2
2163,Village B,1359880.3076279045,good,3
2164,Village C,2132309.8558110897,poor,1
2165,Village B,1199016.692813937,good,2
2166,Village A,1070994.5556836096,poor,3
2167,Village B,1571896.8754763384,poor,3
2168,Village B,629791.1043815039,poor,0
2169,Village C,1266285.6431208584,good,3
2170,Village B,1335079.7116958257,poor,4
2171,Village A,1610236.1603863412,average,5
2172,Village A,1001863.9518649005,average,3
2173,Village C,1060249.7638660243,good,4
2174,Village A,2078456.8453481998,good,4
2175,Village B,1493269.272707174,average,0
2176,Village A,1932318.5919514804,good,0
2177,Village C,1229106.2993082686,average,3
2178,Village B,1472774.5187895624,good,0
2179,Village C,1607267.2135146067,poor,0
2180,Village B,2373777.4538116315,poor,5
2181,Village A,1391190.9099142593,average,2
2182,Village C,1416865.553139811,poor,3
2183,Village C,2049076.513868369,poor,3
2184,Village B,1310094.2807574563,average,3
2185,Village C,1642314.5958363768,poor,0
2186,Village B,2005479.6032095158,average,5
2187,Village B,1212079.0641505297,poor,0
2188,Village B,1670231.2232418281,good,4
2189,Village B,2372775.3550725067,good,1
2190,Village A,1960659.0244190765,good,1
2191,Village B,1642466.534842406,poor,1
2192,Village C,1387839.3440836833,average,2
2193,Village A,1197840.859362581,good,0
2194,Village C,1005907.0383820964,good,4
2195,Village A,2254811.979982839,average,4
2196,Village B,2157735.5226849997,poor,1
2197,Village A,1171442.7612297111,average,5
2198,Village A,1668843.4990390695,average,2
2199,Village C,1555663.2492531554,poor,2
2200,Village C,2092207.7306620367,average,1
2201,Village B,1691400.599150675,good,1
2202,Village A,1488590.619634826,average,0
2203,Village A,1229157.1988521598,average,5
2204,Village A,1670433.9225629135,average,2
2205,Village B,1325908.7145186898,good,4
2206,Village B,1610342.4725649208,average,1
2207,Village B,1462014.460270843,average,0
2208,Village B,1313754.0600649265,average,4
2209,Village B,1013629.6131840905,average,2
2210,Village C,1757097.6263736505,average,1
2211,Village A,1521285.1706895165,average,5
2212,Village A,2393710.4277332136,average,1
2213,Village A,983827.5808111955,average,5
2214,Village A,1812649.0961164956,poor,0
2215,Village A,1458676.7659866796,poor,0
2216,Village A,2549879.199163279,poor,2
2217,Village A,1774485.9585307334,good,5
2218,Village A,1662344.2908175422,poor,1
2219,Village C,1459948.7825130902,poor,0
2220,Village A,1148439.4726671902,poor,1
2221,Village C,1655696.3963204653,average,2
2222,Village B,808848.6954316191,poor,5
2223,Village A,831857.9557075145,average,1
2224,Village B,2006219.2184147476,poor,4
2225,Village B,618937.9304779674,good,1
2226,Village B,1340213.2208545813,good,3
2227,Village C,975436.7543705207,good,3
2228,Village B,1298764.6538051683,poor,2
2229,Village B,1592272.651169673,average,2
2230,Village B,1992277.6454820863,average,2
2231,Village A,2108816.7948663607,poor,4
2232,Village A,1040523.3904205889,poor,5
2233,Village C,1267019.0316866178,poor,4
2234,Village C,3526275.061105978,average,1
2235,Village A,1374992.6570323189,poor,0
2236,Village C,1058894.6020020475,average,5
2237,Village A,1142099.6186292805,average,3
2238,Village B,1377930.0418453347,average,3
2239,Village B,1303631.3186057704,good,3
2240,Village C,1382814.9384025652,average,1
2241,Village A,1489286.723136718,average,1
2242,Village A,1485796.0688534179,average,2
2243,Village C,1022256.751364403,poor,0
2244,Village A,1684665.5105780654,poor,2
2245,Village B,1560523.4749403421,good,1
2246,Village C,1748290.8352749632,good,4
2247,Village C,642772.9731374215,average,2
2248,Village A,1578422.121845739,poor,5
2249,Village C,507201.8420489918,poor,1
2250,Village A,1412214.5527617098,poor,1
2251,Village A,1828968.1463765379,good,4
2252,Village A,2022889.5758011825,average,4
2253,Village A,1667230.0320485025,good,4
2254,Village A,1837695.3676464944,average,0
2255,Village C,1350497.5189587702,poor,5
2256,Village B,1245416.1150375188,poor,1
2257,Village B,2846379.081261863,poor,4
2258,Village C,1913580.1559326053,average,0
2259,Village C,913508.0742673033,poor,3
2260,Village B,632668.0392335047,average,5
2261,Village B,1267465.2754682123,average,3
2262,Village B,2095934.2531543325,poor,3
2263,Village B,1524369.5770143839,poor,1
2264,Village B,387990.08881935733,poor,0
2265,Village A,1411353.288405046,average,0
2266,Village C,1498799.2248757242,average,3
2267,Village A,300000.0,poor,5
2268,Village B,1512083.076025095,good,2
2269,Village B,993315.996204338,average,3
2270,Village B,582226.7946058422,average,1
2271,Village A,2302253.7900827006,average,3
2272,Village A,971198.899607536,good,5
2273,Village B,1166357.6322718593,average,5
2274,Village A,1159708.556966661,poor,3
2275,Village A,1501119.3754621514,poor,0
2276,Village B,2383155.303527937,average,3
2277,Village A,901906.5648820341,average,4
2278,Village C,1346598.2427757026,average,4
2279,Village C,1560430.939513199,good,2
2280,Village C,1065604.1264202474,good,1
2281,Village C,1338556.7977106967,poor,1
2282,Village B,1797249.9033747786,poor,0
2283,Village B,1122147.5066467538,poor,1
2284,Village B,1330678.7456349102,average,2
2285,Village C,1284323.0365403572,poor,4
2286,Village C,1448096.6594328315,poor,0
2287,Village A,1621575.857311621,poor,5
2288,Village A,1793280.3840534394,poor,4
2289,Village C,2468777.1509811687,poor,2
2290,Village C,300000.0,poor,0
2291,Village C,1416304.3303972792,average,3
2292,Village C,817781.9638789035,poor,1
2293,Village A,1307314.999674548,poor,2
2294,Village C,1940433.6653470388,good,0
2295,Village A,2098896.2610711893,good,4
2296,Village C,2122357.288409204,poor,0
2297,Village C,2117646.257425212,poor,3
2298,Village C,1413032.464189786,average,2
2299,Village A,2199265.1373535814,poor,0
2300,Village A,2298424.897302921,poor,5
2301,Village B,1569400.2272707552,poor,2
2302,Village C,2088618.3007837818,poor,2
2303,Village B,1520618.5092582891,average,4
2304,Village B,2205116.2577754394,good,1
2305,Village A,1419168.381318221,average,5
2306,Village A,1195239.7591534078,average,3
2307,Village B,940004.2848641918,poor,0
2308,Village C,1413185.4833811747,average,1
2309,Village A,1542194.0971641513,poor,4
2310,Village C,1027073.6693120231,poor,1
2311,Village C,1374945.7705021705,average,2
2312,Village B,1236725.345289617,good,2
2313,Village B,961512.2268347456,poor,3
2314,Village B,2017942.3307767918,good,5
2315,Village B,2105951.801552892,poor,0
2316,Village A,2015716.3391461545,poor,0
2317,Village A,1457922.1046892502,poor,4
2318,Village B,1488808.5973040638,average,3
2319,Village A,968413.3221303249,good,0
2320,Village B,1707316.4476206691,average,5
2321,Village C,1584815.8530928104,poor,2
2322,Village C,2921973.69826284,poor,3
2323,Village C,2043551.1810078714,average,1
2324,Village B,1657622.4632854273,poor,3
2325,Village C,1479195.3445033378,poor,3
2326,Village A,2000653.2685386129,good,5
2327,Village C,1042130.664809739,average,5
2328,Village C,2069818.9060070156,poor,0
2329,Village C,956428.2498813504,poor,4
2330,Village A,1219238.0713926342,poor,4
2331,Village B,580910.2502977704,average,5
2332,Village A,1807038.111524546,good,0
2333,Village B,1624964.5131315948,average,0
2334,Village B,1219258.4876169881,poor,0
2335,Village C,1035430.6045120908,poor,5
2336,Village B,2189361.1133500338,good,4
2337,Village A,1433198.0311984147,good,0
2338,Village A,1116352.3127397122,average,5
2339,Village B,2460966.4818090126,poor,1
2340,Village C,1171468.5404291437,average,1
2341,Village C,2069308.5357268928,good,2
2342,Village A,924504.7179947132,average,1
2343,Village C,1322526.8848965135,average,3
2344,Village B,1751145.6126911934,poor,2
2345,Village B,1471081.5251979874,poor,1
2346,Village A,1621881.5107565264,poor,3
2347,Village B,1230582.5769879976,good,1
2348,Village A,701101.924050203,average,5
2349,Village B,2232788.192182355,average,3
2350,Village A,1261085.8113129654,poor,0
2351,Village C,1644506.2277661695,good,5
2352,Village B,1850978.745816163,good,3
2353,Village B,1654379.1021556966,poor,5
2354,Village A,1145704.3665308924,good,0
2355,Village A,2079882.4809758859,poor,3
2356,Village B,1756839.5875124345,poor,3
2357,Village A,1599386.8251726143,poor,5
2358,Village B,1587792.4017929446,good,1
2359,Village C,2341131.1721285284,good,3
2360,Village A,1134968.8903734253,poor,1
2361,Village B,1707627.9141838732,average,3
2362,Village C,1235685.2541999114,average,4
2363,Village C,531847.0968299984,good,2
2364,Village B,518632.7375685597,poor,1
2365,Village A,992681.8125116434,average,1
2366,Village B,1170778.4169938522,average,0
2367,Village C,2586474.874680432,poor,4
2368,Village B,1849194.2171530444,poor,0
2369,Village A,1894171.5104297101,average,4
2370,Village C,1181460.7468748218,poor,4
2371,Village B,1530663.584759724,good,5
2372,Village A,2653076.4923731075,poor,5
2373,Village C,892791.1631112177,good,5
2374,Village A,1728119.398683657,poor,3
2375,Village C,2305647.8834551317,poor,0
2376,Village B,1982971.54273612,poor,2
2377,Village A,2400769.8069626167,average,4
2378,Village C,1606432.6282635643,average,4
2379,Village A,1801726.5125935487,poor,1
2380,Village A,1554887.1933951864,poor,3
2381,Village B,1766672.7795697905,average,2
2382,Village A,1042396.7938482885,average,5
2383,Village C,1896174.204471841,average,4
2384,Village C,1647124.1563835281,poor,1
2385,Village C,1531329.6831272736,average,0
2386,Village C,2373195.818907927,average,4
2387,Village B,1367307.3004476128,good,1
2388,Village A,2103911.017310216,average,0
2389,Village B,2153639.298549878,poor,3
2390,Village A,1927772.1922927317,poor,5
2391,Village A,1017450.1646317104,average,0
2392,Village A,1679539.1486715777,average,4
2393,Village B,2479237.15056575,good,2
2394,Village A,590723.2326566481,average,0
2395,Village B,1406170.7528518995,average,2
2396,Village C,2081154.2598340998,poor,2
2397,Village C,1442339.700106181,poor,0
2398,Village A,1904943.9084869365,poor,3
2399,Village B,2204595.5142995613,poor,0
2400,Village C,1616003.1415744014,average,1
2401,Village B,1754495.2604277702,poor,5
2402,Village B,1545935.4667901003,poor,2
2403,Village A,1648902.9409851583,poor,5
2404,Village C,2551301.2174481354,poor,4
2405,Village A,1468025.7536596763,poor,2
2406,Village A,1323422.9810272097,average,4
2407,Village C,2020877.1145098812,poor,1
2408,Village C,1078538.8338791034,average,1
2409,Village B,1192639.2713673797,average,5
2410,Village C,1195827.3530236888,good,1
2411,Village B,1372062.73877098,poor,0
2412,Village B,1393900.2675649708,poor,2
2413,Village B,1849549.7948327535,poor,4
2414,Village C,1328819.1823706615,average,5
2415,Village A,1869731.7346175935,good,5
2416,Village B,1932090.3524208914,average,1
2417,Village A,1173244.4003334797,average,1
2418,Village A,1921353.0093492256,poor,4
2419,Village C,1966709.2414791442,average,2
2420,Village A,619531.7816845707,poor,2
2421,Village A,1646740.4764369833,average,5
2422,Village C,1246795.9458495432,average,4
2423,Village B,2151532.4901662213,poor,5
2424,Village A,1241696.9073632187,poor,3
2425,Village C,830258.422344665,good,2
2426,Village A,1485091.5916655862,poor,4
2427,Village A,1051513.847950441,poor,4
2428,Village B,1924792.6322689443,poor,5
2429,Village A,1095693.7505591065,poor,1
2430,Village C,1491246.7754058614,average,4
2431,Village A,2272905.213582082,average,5
2432,Village B,2049264.3111070683,average,0
2433,Village B,1738919.6016444745,poor,1
2434,Village C,1436211.1437238627,average,1
2435,Village B,1691448.228105544,good,2
2436,Village A,1844491.9763625269,poor,3
2437,Village B,1006698.8183922557,poor,2
2438,Village C,1925668.6219619198,good,0
2439,Village B,949152.9737214596,poor,5
2440,Village B,1786225.9675061381,poor,1
2441,Village B,946554.7977251795,poor,1
2442,Village C,2481398.121685307,poor,4
2443,Village B,1881670.8124685194,poor,3
2444,Village B,721987.3606070229,poor,3
2445,Village A,1499536.6868849236,average,4
2446,Village C,1239288.9779576822,poor,0
2447,Village B,1180136.5351093179,good,3
2448,Village C,1573551.763234209,poor,1
2449,Village B,1036003.1251657509,good,0
2450,Village B,1880732.8824922182,good,2
2451,Village B,1852327.043499671,average,2
2452,Village A,1675712.3874709927,good,0
2453,Village A,1490247.7357295677,average,1
2454,Village A,1829909.1429724912,good,2
2455,Village C,1895692.7530389922,poor,5
2456,Village C,1727458.8683708406,poor,1
2457,Village A,844062.9884098811,average,4
2458,Village C,1105806.9430654966,poor,3
2459,Village B,1365969.5392539438,good,0
2460,Village B,762104.5510751513,good,3
2461,Village B,1612001.566665765,poor,4
2462,Village A,2205502.603661808,good,2
2463,Village C,2125845.1833797963,poor,5
2464,Village A,1869813.0720024374,poor,1
2465,Village C,1863855.9669357776,average,1
2466,Village B,2607647.765481691,poor,4
2467,Village A,1921931.916089181,average,0
2468,Village C,1962817.8433941733,average,3
2469,Village C,780542.6528319228,poor,5
2470,Village B,2166409.397178134,average,2
2471,Village A,1699248.6751527812,average,0
2472,Village A,1460107.8272836613,poor,5
2473,Village A,1336180.9379658806,poor,5
2474,Village B,1225702.2816653776,good,4
2475,Village A,2128388.4391804477,good,4
2476,Village B,1485820.535371313,poor,1
2477,Village B,1244160.720564876,poor,2
2478,Village B,1114226.5976349427,good,0
2479,Village C,1585299.3972314284,average,1
2480,Village A,1320195.1478911086,poor,2
2481,Village A,1206122.2237501726,average,3
2482,Village B,808922.0153622649,average,3
2483,Village B,1979678.6797522488,average,1
2484,Village A,1430988.3622751168,poor,0
2485,Village B,957380.6714879897,average,2
2486,Village A,1364381.9293335583,poor,3
2487,Village C,1774566.0279828086,good,3
2488,Village B,1514420.435801656,average,0
2489,Village A,1595496.873885305,average,1
2490,Village B,1521274.1289951548,average,4
2491,Village A,861572.1117794595,poor,5
2492,Village A,1974254.2716317654,good,2
2493,Village B,645876.9198090337,poor,3
2494,Village C,1730768.287305721,good,5
2495,Village A,1807785.4607477225,poor,5
2496,Village A,1390078.1481104088,poor,4
2497,Village A,1676711.2619027784,average,5
2498,Village C,1361432.2653798896,average,0
2499,Village C,1682747.6015455574,good,1
2500,Village B,1996461.2717594523,average,2
2501,Village C,1103936.7868073317,poor,0
2502,Village B,1836982.4294761515,good,1
2503,Village B,2346199.0011940557,poor,0
2504,Village C,1632282.6312671802,good,3
2505,Village B,1248447.887789294,average,3
2506,Village C,2631616.419542768,poor,4
2507,Village B,1544353.1195223788,poor,0
2508,Village C,1615764.9519014386,poor,5
2509,Village C,1626187.1047668033,poor,3
2510,Village B,1723931.6637996405,poor,1
2511,Village A,1330562.5272755073,poor,4
2512,Village B,1594995.4303520855,poor,5
2513,Village C,1976091.871718385,average,2
2514,Village A,1313299.489382622,good,0
2515,Village B,1290003.0114366522,poor,3
2516,Village B,1353957.762265674,poor,5
2517,Village B,951113.5910079087,poor,1
2518,Village A,1158580.269074216,average,0
2519,Village C,1138210.0381799522,good,1
2520,Village B,1499738.738165986,average,4
2521,Village B,1918072.8278528836,good,3
2522,Village B,2226857.048439736,average,3
2523,Village B,1528594.3085959323,average,4
2524,Village B,1728234.875714354,poor,1
2525,Village C,1621696.9029538478,good,0
2526,Village C,453280.52239667077,good,1
2527,Village B,926054.544069863,average,0
2528,Village A,1880632.1455823698,good,5
2529,Village C,1929242.5859597896,poor,4
2530,Village A,1917804.0125599853,good,2
2531,Village C,1411094.0077683055,poor,0
2532,Village B,502582.76969951263,poor,3
2533,Village C,985737.5071604138,poor,5
2534,Village B,1062246.077176419,good,3
2535,Village C,1814384.2895453558,good,5
2536,Village B,1321314.451791702,good,3
2537,Village B,2345200.254065209,good,1
2538,Village B,2233819.1689303787,average,1
2539,Village B,2336849.223110432,good,1
2540,Village A,1041743.503178389,good,5
2541,Village B,1745445.6060707858,average,5
2542,Village A,1261237.9555310651,poor,3
2543,Village A,1663935.909116645,average,0
2544,Village B,1097193.12862802,good,5
2545,Village A,2113078.1837757276,good,3
2546,Village C,1106534.224898057,good,0
2547,Village B,526380.4876644512,good,1
2548,Village A,2516890.4078715807,good,5
2549,Village B,1721248.3397839651,average,2
2550,Village B,965436.617790936,average,1
2551,Village B,1418864.4424654315,poor,4
2552,Village A,1211571.452641558,average,0
2553,Village C,1502870.7234022198,average,2
2554,Village C,1901390.4179574104,good,1
2555,Village A,1822889.5464518154,average,5
2556,Village B,1626864.510254257,poor,2
2557,Village A,1502626.5566547543,poor,3
2558,Village A,2039335.3787640054,average,0
2559,Village A,537270.8908315533,average,4
2560,Village B,1125533.653369781,poor,3
2561,Village A,1010668.5833719161,poor,2
2562,Village B,2003128.8865014457,average,1
2563,Village A,1130453.6921607645,poor,0
2564,Village C,857022.3038547758,poor,5
2565,Village A,1774663.7730584664,poor,4
2566,Village A,1045626.2095451374,average,1
2567,Village C,1324636.7587458212,average,4
2568,Village B,2690571.950440849,poor,5
2569,Village B,1893569.2770017367,good,0
2570,Village A,1394479.6962926628,poor,2
2571,Village C,1439435.9370279084,poor,4
2572,Village B,1953743.793110736,poor,0
2573,Village A,1831435.2150523153,poor,4
2574,Village C,1537799.7447254686,poor,1
2575,Village B,1551779.971119712,poor,4
2576,Village B,760075.759781014,average,1
2577,Village C,654994.7249655317,average,1
2578,Village C,1411588.8621132476,average,0
2579,Village C,1183357.4073269279,average,3
2580,Village C,1793039.5171701817,poor,5
2581,Village A,1598589.871902813,good,4
2582,Village C,1113612.8032528101,poor,2
2583,Village B,1581599.2297481787,average,1
2584,Village B,1290883.6072225384,poor,3
2585,Village A,2533300.6890070145,good,1
2586,Village B,1693121.1494814786,average,3
2587,Village B,719696.5064835356,poor,3
2588,Village C,2410257.5501097906,average,2
2589,Village B,1183425.498021375,poor,3
2590,Village A,1012631.5046099154,average,2
2591,Village C,2571843.3262717603,average,0
2592,Village C,1672918.328897782,poor,1
2593,Village A,1850383.0036027427,poor,2
2594,Village C,1866530.0579360754,poor,5
2595,Village C,1397005.1418810983,average,1
2596,Village A,1213797.3649068398,poor,5
2597,Village C,1295371.27253113,average,4
2598,Village A,2304433.139622017,good,5
2599,Village A,1601893.7766034042,poor,0
2600,Village B,2156457.5198580683,good,4
2601,Village B,1461777.4363857508,average,4
2602,Village C,1122308.211328128,poor,3
2603,Village C,778891.7630659728,poor,5
2604,Village A,1824001.59257702,average,3
2605,Village C,2347049.039205987,poor,5
2606,Village A,1057013.4958767495,poor,4
2607,Village A,1756686.28431901,poor,3
2608,Village C,812192.1421596246,average,1
2609,Village A,1222151.6614690544,average,5
2610,Village B,1633968.3926872737,average,5
2611,Village C,635852.957164799,poor,3
2612,Village B,1490988.3736353088,good,5
2613,Village C,1081649.7632914272,good,4
2614,Village A,1802379.612869137,poor,3
2615,Village C,1417299.678923235,poor,3
2616,Village B,1969719.5097337915,good,2
2617,Village A,1360200.8566275926,good,2
2618,Village C,818810.2400852453,average,4
2619,Village C,756519.9594818674,good,1
2620,Village C,545495.2482210153,average,5
2621,Village B,1816478.9163049946,poor,0
2622,Village B,2778865.459634497,average,5
2623,Village C,1717619.0685925658,average,0
2624,Village A,2336023.4410021706,good,4
2625,Village A,2066786.6453945101,poor,1
2626,Village B,1240831.995062957,average,1
2627,Village A,2132657.990495313,average,1
2628,Village B,1260712.6542437426,poor,2
2629,Village C,1270646.0652308206,poor,4
2630,Village B,1395703.837031845,good,0
2631,Village B,1419400.988836435,poor,1
2632,Village C,1830684.7315930738,average,4
2633,Village A,1164556.6320545974,good,5
2634,Village B,1944551.3892914886,poor,0
2635,Village B,1937372.0415157354,good,2
2636,Village C,1671481.7662222425,average,3
2637,Village A,2469805.9543037224,average,0
2638,Village B,2143696.324329154,poor,5
2639,Village C,2034864.6451002322,good,0
2640,Village B,1533076.6872716257,poor,0
2641,Village C,1675883.0689071629,poor,3
2642,Village A,1761903.6815438769,poor,1
2643,Village A,1506620.6867638025,poor,5
2644,Village A,1312215.2698457646,average,3
2645,Village A,300000.0,good,0
2646,Village B,1858882.7045624116,good,5
2647,Village B,2020723.6084416772,poor,2
2648,Village A,919440.571921582,poor,0
2649,Village A,1802584.324860246,average,2
2650,Village A,1204236.660841238,poor,4
2651,Village B,1316735.4087964634,good,2
2652,Village A,2155380.263681677,good,0
2653,Village A,1004682.8048929931,good,3
2654,Village A,1003926.1056533899,poor,0
2655,Village C,2402417.182821999,average,0
2656,Village A,1427221.6507318083,poor,4
2657,Village C,2123272.7966155335,poor,1
2658,Village C,700648.5690855328,average,0
2659,Village A,740698.3652045735,good,4
2660,Village C,1043527.7422107894,good,3
2661,Village A,1259269.6117336554,good,4
2662,Village B,798356.701673444,good,4
2663,Village B,1684648.238215,poor,2
2664,Village B,1717297.0843283911,average,1
2665,Village B,1050928.5610807312,poor,1
2666,Village C,1090700.6503045992,poor,5
2667,Village A,1156609.2830742192,average,3
2668,Village A,917557.1005534794,average,5
2669,Village A,300000.0,average,4
2670,Village B,1457479.8469275672,poor,3
2671,Village B,1284781.1536495117,poor,3
2672,Village A,1335927.0775867132,poor,1
2673,Village B,994098.2394956141,poor,1
2674,Village A,1905248.7495751334,poor,1
2675,Village A,2712695.7947085407,average,0
2676,Village A,1082957.5719894222,good,4
2677,Village A,2199848.069486174,poor,3
2678,Village A,1683324.9060736469,average,4
2679,Village A,1517709.9458912169,poor,3
2680,Village A,1327938.6317185843,good,3
2681,Village B,1458391.564883004,poor,5
2682,Village A,2074795.3448493131,good,3
2683,Village A,930959.5195217439,good,3
2684,Village B,1362496.6344242743,good,2
2685,Village B,2124500.1039112513,poor,2
2686,Village B,1991857.3467639987,average,5
2687,Village A,938707.0305248783,poor,0
2688,Village C,1408704.0611094774,poor,1
2689,Village C,1864003.9239170137,poor,3
2690,Village B,1831714.0596605483,good,4
2691,Village C,1987567.2606216439,good,2
2692,Village B,1692142.944083649,poor,1
2693,Village A,1775976.573997892,average,0
2694,Village C,1671398.2109635794,good,1
2695,Village A,2289866.5387639455,average,3
2696,Village C,1289094.410284391,poor,1
2697,Village A,1524095.5814726085,average,3
2698,Village C,992515.5838411453,average,5
2699,Village A,893989.1165977938,average,2
2700,Village A,1662478.3505291904,average,2
2701,Village C,1137906.8670290739,poor,3
2702,Village A,1471157.1985513219,poor,4
2703,Village A,2308874.6552621047,poor,2
2704,Village A,2279968.8511864105,poor,4
2705,Village C,2612022.38934415,average,3
2706,Village C,2318826.2541995607,poor,5
2707,Village A,2701509.095892745,good,3
2708,Village A,1718264.8339062806,poor,5
2709,Village C,1048489.7086777082,average,2
2710,Village C,999803.7152572598,good,4
2711,Village A,2198165.3037207597,good,3
2712,Village A,1525813.25140521,good,2
2713,Village A,1563065.757923008,average,5
2714,Village B,1225464.4560230933,poor,3
2715,Village C,1285413.0301753588,good,5
2716,Village B,1691879.6448884627,good,1
2717,Village C,972388.2549379816,good,5
2718,Village C,1628569.2329040477,average,1
2719,Village C,2255540.097567565,average,2
2720,Village C,433182.07917058957,poor,3
2721,Village C,729344.0609614432,average,2
2722,Village C,1837804.980751529,poor,0
2723,Village C,2181983.9368304317,poor,5
2724,Village B,1255053.634930159,average,2
2725,Village A,500879.6924777307,average,2
2726,Village A,2215962.086970376,poor,1
2727,Village B,1094467.4240427378,good,5
2728,Village B,1319376.8285361938,good,1
2729,Village B,1659522.4361598883,average,3
2730,Village B,1166783.3140446213,average,2
2731,Village C,1061935.1364214025,good,5
2732,Village A,1071099.9037179556,poor,2
2733,Village C,2428964.2804638417,average,3
2734,Village A,2079806.7942126407,poor,4
2735,Village A,1787258.6703085909,poor,3
2736,Village B,406783.38713271683,average,1
2737,Village C,1789095.9475277935,average,1
2738,Village B,1762100.1042047346,poor,2
2739,Village C,860933.429907417,poor,1
2740,Village A,1629355.0667369163,average,5
2741,Village B,2025746.2481293445,average,3
2742,Village B,1784682.9592968868,average,2
2743,Village A,1159915.2991498872,poor,3
2744,Village A,1506632.3215419867,average,3
2745,Village A,1865178.4656005995,poor,2
2746,Village B,1529726.0171088246,poor,4
2747,Village C,2127142.4445534474,average,1
2748,Village B,1697840.7784200544,average,0
2749,Village C,1876461.3326439154,poor,0
2750,Village B,1910700.32349588,poor,0
2751,Village B,966658.6483470685,average,1
2752,Village A,1524993.0176783395,poor,4
2753,Village C,1333822.7632405176,poor,3
2754,Village B,2021922.9974035393,poor,2
2755,Village B,1731616.5233520123,poor,4
2756,Village A,1405893.7689472048,poor,0
2757,Village A,859074.2982786684,good,5
2758,Village C,701545.8339397295,average,1
2759,Village B,1655171.3099724767,average,1
2760,Village C,1141393.66138327,average,2
2761,Village B,1833063.2340486164,average,5
2762,Village C,678429.8674618868,good,3
2763,Village A,2296475.5991044454,average,4
2764,Village B,1831932.0449658374,poor,5
2765,Village C,1549592.5449888639,average,4
2766,Village A,2341529.4682013663,poor,4
2767,Village A,1974208.9671105682,average,3
2768,Village C,1262498.380691478,average,3
2769,Village B,1538788.1548891645,good,3
2770,Village B,517862.8500926272,average,2
2771,Village A,2032095.1552744254,poor,1
2772,Village B,1352024.161004139,poor,0
2773,Village B,511387.577380509,poor,3
2774,Village B,909080.7152955043,poor,1
2775,Village A,1935456.024224705,poor,3
2776,Village C,2306901.3575180764,poor,0
2777,Village B,1510212.7594590434,poor,5
2778,Village A,1008974.3290035531,good,3
2779,Village A,789625.1551604491,poor,1
2780,Village C,2207307.309070554,poor,2
2781,Village B,1724733.8892236138,poor,5
2782,Village B,1334930.1896776268,average,5
2783,Village C,1215864.1069622296,poor,5
2784,Village C,1835914.8188668143,average,0
2785,Village A,1822159.24703568,poor,1
2786,Village A,1051707.7932720273,average,4
2787,Village C,928813.7545495288,good,4
2788,Village B,954048.6521432528,poor,4
2789,Village A,1265887.7097628217,poor,2
2790,Village A,1155107.273208622,average,3
2791,Village B,2309046.009084783,average,3
2792,Village A,1248109.6888702805,average,3
2793,Village B,875166.7760251351,average,2
2794,Village B,903251.2795502363,average,4
2795,Village B,1408014.1994792023,average,5
2796,Village C,588937.9385105798,poor,3
2797,Village C,1469939.6430688018,poor,5
2798,Village C,831895.249759218,average,5
2799,Village B,2079305.1833708505,good,2
2800,Village B,1558281.1746209725,good,2
2801,Village C,2560511.8007662217,good,1
2802,Village A,1385899.7102488948,average,3
2803,Village B,300000.0,average,4
2804,Village A,2228840.600178102,average,0
2805,Village A,1750961.5792385342,poor,2
2806,Village B,1828453.9394803366,average,5
2807,Village B,998708.2051279754,poor,1
2808,Village A,1478575.9722023054,poor,0
2809,Village A,1593230.4375678299,average,2
2810,Village C,1381089.6911969506,average,1
2811,Village C,632818.587373263,poor,5
2812,Village B,2884346.024129527,poor,3
2813,Village C,1917914.6189141124,good,1
2814,Village C,1710292.0235101979,average,2
2815,Village C,2156942.8105069897,average,3
2816,Village C,1822096.1055194207,poor,5
2817,Village A,1161398.5599601497,poor,4
2818,Village B,2124891.378908845,poor,1
2819,Village C,1926108.0032890076,average,0
2820,Village A,1180357.0913429707,average,5
2821,Village A,1895007.3341425224,poor,3
2822,Village A,1379714.9839119595,poor,5
2823,Village C,1604239.0998993064,poor,3
2824,Village C,1799825.233456613,average,5
2825,Village B,2184248.85065248,poor,4
2826,Village C,1177002.007436473,average,1
2827,Village C,1682481.0903261318,average,0
2828,Village A,2507863.1131155975,good,4
2829,Village B,1411976.251986524,average,1
2830,Village C,1598278.3888497911,poor,0
2831,Village C,2507115.237238994,average,5
2832,Village A,1818738.7359745523,average,0
2833,Village A,763009.8604194421,poor,2
2834,Village C,1102261.1739228177,average,0
2835,Village B,1844789.6071827216,good,1
2836,Village B,1711502.4539452374,poor,4
2837,Village A,1581289.9333694098,average,4
2838,Village A,2580612.0915832324,good,2
2839,Village C,1191256.4219208027,average,1
2840,Village A,1462793.088283982,average,0
2841,Village C,518444.89528088225,poor,2
2842,Village B,2080329.944400486,poor,5
2843,Village B,1100573.84946871,average,3
2844,Village C,2028568.3844004646,average,5
2845,Village A,1976015.0657186506,good,1
2846,Village B,2674549.6293938896,poor,2
2847,Village A,1824637.788265606,average,4
2848,Village B,1321956.6878399455,poor,2
2849,Village C,1726811.4799985462,poor,3
2850,Village C,1120373.576085706,poor,1
2851,Village C,1659580.0887544544,poor,2
2852,Village B,1399548.7472288138,poor,5
2853,Village A,1464830.7751640643,poor,0
2854,Village A,1050816.7560362183,poor,5
2855,Village A,1650223.0298813882,good,1
2856,Village B,1912115.0128430342,average,2
2857,Village B,673951.6026641364,poor,5
2858,Village B,1155703.6733674314,good,2
2859,Village B,1584023.5845901351,average,5
2860,Village B,326341.67939329287,good,1
2861,Village A,2370132.216856459,poor,4
2862,Village B,1144444.5927234725,average,5
2863,Village B,1030956.2406207859,good,0
2864,Village A,1396328.8618716057,poor,5
2865,Village B,1568686.4193991118,good,1
2866,Village A,1121763.5510238311,good,5
2867,Village A,1990206.8329944634,good,0
2868,Village C,1699853.2697206116,poor,0
2869,Village C,1081379.0531973222,poor,1
2870,Village C,1238797.4415388142,poor,2
2871,Village C,741615.1518048404,good,5
2872,Village B,873329.552232582,poor,4
2873,Village C,1693799.1641061807,average,0
2874,Village A,1086567.7219650857,poor,0
2875,Village B,2402142.2265245463,poor,5
2876,Village C,1535461.6001545712,poor,2
2877,Village A,823588.2874480024,average,5
2878,Village B,928326.3569662187,good,1
2879,Village B,2026484.847340714,poor,4
2880,Village C,1461743.198695463,good,5
2881,Village B,1995997.413278818,average,0
2882,Village A,1316756.009960967,average,0
2883,Village B,1219883.9537482448,average,1
2884,Village A,2059723.6855171926,poor,2
2885,Village B,1070711.3114857036,poor,5
2886,Village C,1744527.0666851809,average,3
2887,Village A,1394108.194799316,poor,2
2888,Village B,1939361.7066878872,average,0
2889,Village B,2409241.9937679,poor,5
2890,Village B,1303911.1583994953,average,0
2891,Village A,1226428.930601772,poor,4
2892,Village A,1832904.194518678,average,2
2893,Village A,958998.202398466,poor,3
2894,Village C,2308232.7289250176,good,4
2895,Village C,2223011.2750282367,poor,3
2896,Village A,1000440.1804197847,average,4
2897,Village B,708437.5902965468,average,2
2898,Village C,919711.423571891,average,0
2899,Village A,927315.1800204411,poor,3
2900,Village B,1900880.2821774883,average,2
2901,Village C,2274585.157889702,poor,3
2902,Village B,1895063.106309412,poor,2
2903,Village B,1381903.8916917713,average,4
2904,Village B,1671249.233455207,average,2
2905,Village B,1065110.9835974823,average,4
2906,Village C,2048604.0227821162,good,0
2907,Village C,1716014.4699912663,poor,4
2908,Village C,1886598.8910082316,good,1
2909,Village A,1136232.1490701123,poor,0
2910,Village C,1415701.4065656767,average,5
2911,Village B,1862536.5699906014,average,5
2912,Village C,2221756.4497618075,average,2
2913,Village B,1195950.1202757074,poor,2
2914,Village A,1890225.9535854098,average,1
2915,Village B,1143964.1016948582,poor,2
2916,Village B,2558596.886413304,poor,0
2917,Village B,1292587.6458637353,poor,0
2918,Village A,1821752.5870260557,average,4
2919,Village C,1582804.8076168164,poor,3
2920,Village C,2802651.560680247,poor,2
2921,Village A,1614950.8040122818,poor,1
2922,Village B,1242471.988504936,poor,5
2923,Village C,1819753.2563065314,good,0
2924,Village A,1808620.4333876865,good,0
2925,Village C,1421265.068120529,poor,0
2926,Village A,952617.0678859458,average,3
2927,Village B,1236000.5693048218,average,3
2928,Village C,1940749.4740724596,average,2
2929,Village A,626275.5268830186,average,5
2930,Village C,1375977.0503071435,poor,1
2931,Village C,1997431.9609083915,average,3
2932,Village C,1453251.8904999762,poor,4
2933,Village C,2586855.0697763716,poor,3
2934,Village A,627674.8798506738,average,0
2935,Village B,1019316.0655402831,average,1
2936,Village A,342683.09887360595,poor,2
2937,Village A,2496845.28337265,average,3
2938,Village A,1027506.4246241847,average,0
2939,Village B,506539.34413583355,good,4
2940,Village C,1194040.3427872828,average,4
2941,Village C,803595.445905765,average,2
2942,Village C,1197607.5548472987,average,2
2943,Village B,1520614.6254724518,poor,3
2944,Village C,1902460.5520235503,poor,2
2945,Village B,1412665.5299445312,poor,5
2946,Village C,1512645.349667338,average,5
2947,Village C,1209202.3884649347,average,0
2948,Village A,744150.8863751704,good,0
2949,Village B,576729.8785170494,average,0
2950,Village A,1317757.1098318193,poor,5
2951,Village A,1542319.889271607,poor,3
2952,Village A,1280692.7393868745,poor,3
2953,Village B,595336.503569329,average,2
2954,Village B,1600700.046634086,average,3
2955,Village C,2314652.4414521568,good,0
2956,Village A,1442676.743244426,average,1
2957,Village C,1210234.7112119587,good,0
2958,Village A,1469752.9798782405,average,5
2959,Village B,947810.0777184406,good,1
2960,Village B,915550.4353519257,average,2
2961,Village B,1725707.0440473182,average,4
2962,Village A,1995160.7645161662,average,3
2963,Village B,1426450.82390279,average,3
2964,Village A,513117.4761921165,poor,5
2965,Village C,1676674.4632678754,poor,0
2966,Village A,2533691.085168724,poor,0
2967,Village C,1378050.9182758576,average,1
2968,Village A,1411077.1122982886,average,3
2969,Village C,1063683.2349430309,poor,5
2970,Village B,1740676.998946705,poor,2
2971,Village C,1164508.2677526937,poor,0
2972,Village B,2010750.9488342972,average,3
2973,Village B,1171209.726757422,poor,4
2974,Village C,1670895.7340594819,poor,5
2975,Village A,1476827.87697022,poor,1
2976,Village A,2277555.8096546503,poor,0
2977,Village A,1704739.6930990242,good,0
2978,Village A,2193503.6595624606,poor,2
2979,Village A,1554311.7503885834,average,0
2980,Village B,1414629.8497428591,average,5
2981,Village A,1480904.6152323876,good,3
2982,Village B,1114295.3993114037,poor,3
2983,Village B,1765834.391851936,poor,3
2984,Village B,1154820.8295982566,poor,4
2985,Village C,1556231.5207589248,poor,4
2986,Village C,1927600.9832319561,average,0
2987,Village B,2291774.4548884695,poor,4
2988,Village C,1581430.041932495,poor,4
2989,Village A,1930603.5280330162,good,2
2990,Village A,1870943.875190407,average,4
2991,Village B,1308811.4545895122,poor,1
2992,Village A,2553901.7272120886,poor,1
2993,Village B,1211878.8985605284,poor,1
2994,Village B,1545497.3130747827,good,0
2995,Village A,2227059.876699214,good,3
2996,Village C,2214729.121399412,good,2
2997,Village A,1507160.1990178307,good,0
2998,Village A,1995208.373920314,average,3
2999,Village B,1388013.8317782222,poor,2
3000,Village B,1255660.554850471,poor,2
3001,Village B,893605.4634407801,average,2
3002,Village B,1861940.6827396401,good,1
3003,Village C,1914610.465634228,poor,1
3004,Village C,1216055.3522221693,average,1
3005,Village C,1634050.0169926174,good,2
3006,Village B,2825494.2139359666,poor,5
3007,Village B,2073341.150058682,good,2
3008,Village B,1049258.0287105693,poor,1
3009,Village C,2000781.139881694,average,2
3010,Village B,1051569.1093746596,poor,1
3011,Village A,300000.0,average,1
3012,Village A,1489793.9283669356,average,1
3013,Village B,2281600.7297964925,poor,5
3014,Village A,2198723.9802184706,good,3
3015,Village A,1688617.5845463274,average,2
3016,Village C,1229135.293375053,average,0
3017,Village B,1743224.8419563232,poor,1
3018,Village B,1365419.9148445446,good,5
3019,Village C,1243172.1540153446,poor,0
3020,Village A,2031001.1011527856,poor,3
3021,Village A,1236982.1101447034,poor,2
3022,Village B,2063618.278238038,poor,5
3023,Village A,1203907.0190180936,good,1
3024,Village C,2529245.9774114448,poor,1
3025,Village C,679682.7798574404,poor,1
3026,Village B,1021615.334147716,good,5
3027,Village C,1422316.1329048385,average,0
3028,Village C,507978.04840596847,average,3
3029,Village B,300000.0,poor,2
3030,Village C,512296.19154469576,average,3
3031,Village C,1353955.394844496,poor,1
3032,Village C,1366644.9950579435,good,3
3033,Village A,1666499.7406164329,average,0
3034,Village B,1401499.2591118289,average,4
3035,Village B,1649758.2322554246,poor,4
3036,Village B,1274891.7927807989,poor,2
3037,Village A,1857407.8787358406,poor,2
3038,Village A,1797155.0015867609,poor,3
3039,Village B,1336653.6900712405,poor,2
3040,Village A,1766505.7173361953,average,5
3041,Village B,1404677.0320256653,poor,0
3042,Village A,738837.0423034473,average,1
3043,Village C,1952248.3206913108,poor,1
3044,Village C,1046591.9767007853,poor,3
3045,Village B,1946911.9775708835,average,1
3046,Village A,1662013.3860585117,average,3
3047,Village A,1457738.8454914386,average,2
3048,Village C,561503.302274457,poor,2
3049,Village C,2269872.778707222,average,5
3050,Village A,1318443.0693229558,poor,5
3051,Village A,1817281.7935777914,poor,0
3052,Village A,1443012.9383146095,average,1
3053,Village A,1364282.332218806,poor,5
3054,Village A,1596403.9191984946,poor,0
3055,Village A,1513286.1417209234,good,4
3056,Village B,1366503.6049121062,average,5
3057,Village A,1472342.7206939238,poor,0
3058,Village C,1713532.328135855,average,3
3059,Village B,1748909.5883791472,poor,3
3060,Village A,1521678.6063719648,good,0
3061,Village C,1810468.4949072194,average,2
3062,Village B,1287965.0977784568,poor,4
3063,Village C,2612443.1904982277,poor,0
3064,Village A,2242794.3040038906,poor,5
3065,Village A,1881221.4974158057,average,2
3066,Village A,529209.7530814748,average,0
3067,Village A,1803009.5694274912,poor,1
3068,Village B,1331681.4585689728,poor,5
3069,Village B,1010659.6342953236,poor,5
3070,Village C,1318951.97484759,poor,3
3071,Village A,1066082.63303529,poor,1
3072,Village C,1753401.546879753,average,1
3073,Village B,2307997.0312816137,average,5
3074,Village A,1913014.395853391,good,4
3075,Village A,2881262.620394793,good,2
3076,Village B,723193.7852122977,average,3
3077,Village B,1246982.6477654467,average,1
3078,Village B,1028487.4038288448,good,3
3079,Village B,2114684.1571799293,poor,5
3080,Village B,1389724.821510731,poor,2
3081,Village A,1594758.098238627,poor,0
3082,Village B,1816842.7659865296,average,1
3083,Village A,772605.5747316291,average,2
3084,Village A,1189325.5183975017,poor,3
3085,Village B,1998632.9768489571,average,5
3086,Village B,1225956.0497460403,average,2
3087,Village A,643178.515465654,poor,0
3088,Village B,1048868.5561578758,poor,2
3089,Village B,1356865.9731973673,poor,5
3090,Village B,1583380.2599447141,poor,3
3091,Village C,1464593.3450247403,good,1
3092,Village A,1192891.0790285128,good,1
3093,Village C,1969656.7194242347,good,4
3094,Village B,1435469.5317190457,average,3
3095,Village C,1604700.680998962,average,4
3096,Village B,1219522.011305784,average,4
3097,Village C,2254470.1321201064,average,5
3098,Village B,1304184.4473965697,average,5
3099,Village C,1537346.4332966304,average,5
3100,Village C,2017499.7210634402,poor,0
3101,Village C,1640021.1305299797,average,3
3102,Village A,1627544.8482187407,poor,1
3103,Village C,513172.2453016932,average,3
3104,Village A,1840317.5008469424,poor,5
3105,Village B,1527793.4701067451,poor,0
3106,Village C,1770782.551586275,good,3
3107,Village B,1591606.5241844181,poor,3
3108,Village B,1220421.221438564,poor,4
3109,Village C,1947153.5832747973,poor,3
3110,Village A,1599063.305639958,good,4
3111,Village C,855306.754478545,average,4
3112,Village B,2154258.5781730814,average,2
3113,Village B,784760.2178062641,good,5
3114,Village C,1950464.6171252711,poor,0
3115,Village A,2243465.8859651033,poor,4
3116,Village A,946852.2820183686,poor,3
3117,Village B,1438619.106631056,average,4
3118,Village B,1392025.8769329116,average,4
3119,Village A,1414514.4224095556,poor,4
3120,Village C,2415119.177616532,poor,1
3121,Village B,952640.5635414405,poor,1
3122,Village A,1346716.4775605008,average,1
3123,Village B,2251661.2494108756,poor,1
3124,Village C,1338525.5858304258,poor,2
3125,Village A,1032110.1420667518,poor,4
3126,Village B,1631507.340884874,average,2
3127,Village C,1902820.2708535078,average,3
3128,Village B,1303579.5149258515,poor,5
3129,Village C,1777184.1954037724,average,0
3130,Village C,811692.4529627183,average,2
3131,Village A,839486.4582907028,good,1
3132,Village C,1279956.8598736862,poor,1
3133,Village B,1795008.709995864,average,3
3134,Village C,1880748.990492543,average,4
3135,Village C,908991.9762709684,poor,0
3136,Village A,1862210.3523662896,average,2
3137,Village C,1583253.52021739,poor,4
3138,Village C,1060397.652774341,poor,4
3139,Village B,832905.8239885007,poor,5
3140,Village A,1614911.5774521627,poor,5
3141,Village A,2144781.612082723,poor,2
3142,Village A,1517761.2153889786,average,2
3143,Village C,1032539.5752968818,average,2
3144,Village A,565988.8564602868,average,2
3145,Village C,2264745.4234443046,poor,1
3146,Village C,2020925.3051598812,average,4
3147,Village B,1651038.4243858007,good,4
3148,Village B,2238996.9836327303,poor,1
3149,Village B,1611959.5498767972,average,4
3150,Village B,1234481.5246911584,average,2
3151,Village B,1777566.1225251048,average,0
3152,Village C,1085137.1618661042,poor,5
3153,Village C,1002176.0910734097,poor,5
3154,Village A,1885803.5548036343,average,4
3155,Village C,1927879.383782041,good,0
3156,Village C,863130.8597562953,poor,5
3157,Village B,881601.1587790719,good,0
3158,Village C,1277475.1531834942,poor,1
3159,Village B,1144347.5834101685,poor,3
3160,Village A,1738244.3815826843,poor,4
3161,Village A,1524024.918882795,average,1
3162,Village C,2082453.1288183026,poor,1
3163,Village A,1658628.8626169916,poor,0
3164,Village C,1177711.5851641612,good,4
3165,Village A,554435.5690567772,good,1
3166,Village B,1589727.9921385886,poor,2
3167,Village B,644835.9448818613,poor,1
3168,Village B,1171522.3815395818,average,2
3169,Village B,1139136.6109516623,average,3
3170,Village C,1245786.4425582844,poor,2
3171,Village A,841982.8700365712,good,2
3172,Village C,1137361.6959450252,poor,0
3173,Village B,2072952.2892259,average,1
3174,Village C,2071574.2437874665,poor,3
3175,Village A,2266249.8877329854,average,1
3176,Village C,1505073.262871887,poor,2
3177,Village A,1635609.564449123,average,5
3178,Village C,2080305.7088468291,good,2
3179,Village A,764669.5215314412,average,1
3180,Village A,1902814.2533518507,average,3
3181,Village B,2151172.3616978275,poor,5
3182,Village A,1055519.836981188,good,3
3183,Village B,2191319.57280183,good,0
3184,Village B,2528858.0401507914,average,2
3185,Village B,1888923.3352554142,average,2
3186,Village C,1797252.1843300618,good,0
3187,Village C,940111.9754353707,poor,1
3188,Village C,2034601.9645204623,average,2
3189,Village C,987204.6736814436,average,1
3190,Village A,1684870.4013201818,average,3
3191,Village A,1735547.5536655122,good,5
3192,Village C,300000.0,average,5
3193,Village A,1702901.6917678756,poor,5
3194,Village A,2810737.393239244,poor,4
3195,Village B,454071.78886476427,poor,0
3196,Village B,1473054.0029934326,average,5
3197,Village B,526442.3116326904,poor,2
3198,Village B,1052929.2805974116,poor,0
3199,Village A,535111.5725898481,average,3
3200,Village C,1579771.1634986089,good,3
3201,Village A,1896802.4016297972,good,3
3202,Village A,1704869.316384546,good,3
3203,Village A,1034908.765271214,average,4
3204,Village B,1195302.6217020364,poor,1
3205,Village B,1636136.3430428195,good,1
3206,Village B,1050538.0049305398,poor,5
3207,Village C,835602.4457421792,average,4
3208,Village A,1380436.4699490194,average,1
3209,Village C,1027645.8953637962,good,3
3210,Village B,1705778.9586268214,poor,1
3211,Village C,2149348.7001584587,poor,0
3212,Village A,2798791.7013528813,average,5
3213,Village A,1669033.456069825,poor,1
3214,Village B,1822986.0814097687,good,0
3215,Village B,1200341.328352936,average,2
3216,Village C,1231311.6128892275,average,0
3217,Village B,2142028.1232704697,good,0
3218,Village B,1361836.099926611,average,3
3219,Village A,1536473.6893028913,poor,3
3220,Village B,2111487.835064167,poor,5
3221,Village B,1365686.414056705,average,3
3222,Village A,2250210.2188440743,good,0
3223,Village A,1786514.6680257025,average,4
3224,Village C,1727699.0854891075,good,3
3225,Village B,1175905.426466328,poor,3
3226,Village A,1754562.9975250526,poor,0
3227,Village C,1285477.0260668767,poor,2
3228,Village C,1734704.4280978525,average,2
3229,Village B,1449087.4671197855,poor,1
3230,Village B,1983404.7854920595,poor,5
3231,Village C,1484114.4136016225,average,2
3232,Village A,2518928.775118348,poor,3
3233,Village C,1362226.510802137,average,4
3234,Village B,1232712.6189882448,average,1
3235,Village A,1673056.893400627,poor,5
3236,Village A,2038935.5279137366,poor,4
3237,Village C,2035049.242413637,good,4
3238,Village B,1583390.7222012486,poor,3
3239,Village C,1669544.5804023927,poor,0
3240,Village C,1670269.0286862117,poor,0
3241,Village C,961063.5931859374,poor,0
3242,Village A,2012036.7208830484,good,2
3243,Village A,871071.7839396663,poor,0
3244,Village B,962000.6621076041,good,5
3245,Village B,1527513.5422607325,poor,3
3246,Village C,1340070.1329272292,good,2
3247,Village C,1898078.699687725,average,5
3248,Village C,1723676.3363350905,average,0
3249,Village B,1569100.693535346,average,5
3250,Village A,937233.0020139748,poor,4
3251,Village A,1513280.052431701,average,3
3252,Village C,1473744.2654392917,poor,3
3253,Village C,1611093.368451085,poor,5
3254,Village C,1284980.997286181,average,1
3255,Village C,1761408.7689967717,poor,3
3256,Village B,1326719.4811465666,good,4
3257,Village A,1714556.7325645562,poor,3
3258,Village C,1898023.7870428755,average,1
3259,Village B,1232702.250673813,good,3
3260,Village C,1113920.7649092574,average,3
3261,Village C,1738183.0782346695,average,1
3262,Village A,839450.1596427852,average,3
3263,Village C,2055832.3774460312,good,5
3264,Village A,1505481.3085584876,poor,2
3265,Village A,1442620.7990508175,average,5
3266,Village A,1773007.959175613,poor,3
3267,Village B,1741977.2602110484,poor,0
3268,Village B,1503259.0374894536,poor,0
3269,Village A,1939308.205300957,poor,2
3270,Village C,1163805.8473248738,average,3
3271,Village A,1856178.2466468127,good,4
3272,Village C,960688.2641654623,average,3
3273,Village A,1755324.495532567,average,0
3274,Village C,1336063.3517665216,poor,1
3275,Village B,844456.9688154046,poor,2
3276,Village C,1628321.4085721865,poor,1
3277,Village A,1482786.7534246354,average,4
3278,Village B,728637.2452589357,poor,3
3279,Village C,443167.2287201346,average,4
3280,Village C,1423868.0832912526,good,1
3281,Village C,2309112.9803509135,average,3
3282,Village C,1660507.5041029553,average,5
3283,Village C,1165848.381642778,average,5
3284,Village B,2040934.7578439284,poor,4
3285,Village B,1953611.8089372795,poor,5
3286,Village B,2135789.538994693,good,5
3287,Village B,1841948.8821713533,average,0
3288,Village A,1942951.161555604,average,5
3289,Village B,1865554.265506282,poor,0
3290,Village C,1261247.5262917862,average,2
3291,Village C,681359.6302982024,poor,0
3292,Village B,1239432.302103474,poor,0
3293,Village C,2052468.488500677,poor,1
3294,Village B,1309494.5819527141,poor,0
3295,Village C,1427270.474446322,poor,0
3296,Village A,917107.5334267776,poor,1
3297,Village A,1224455.2139203886,average,0
3298,Village B,1495455.416608287,average,5
3299,Village B,1746281.0889293766,average,0
3300,Village B,1270669.5164121666,average,2
3301,Village C,1235731.2871911505,good,0
3302,Village B,1921087.782574434,poor,0
3303,Village A,1662633.2632191118,poor,2
3304,Village C,1724336.2325960747,average,1
3305,Village B,2264160.2930341857,poor,5
3306,Village C,1247462.8057948214,average,0
3307,Village C,1475490.4147591824,average,5
3308,Village B,1775579.8872115733,good,4
3309,Village C,1064246.3191709933,good,5
3310,Village A,1614524.8691260593,good,1
3311,Village A,1511098.2486295502,poor,1
3312,Village C,2888649.705784562,good,0
3313,Village B,1549934.7508325367,poor,2
3314,Village C,2078469.882782166,average,1
3315,Village A,1914971.6069234214,average,2
3316,Village C,921719.1984295063,poor,4
3317,Village C,725588.0810196501,average,2
3318,Village A,1623507.3026831471,poor,3
3319,Village C,2128667.3310734774,poor,2
3320,Village C,1643957.4097815873,good,1
3321,Village B,1539425.9020085873,poor,2
3322,Village B,1357956.673525375,poor,2
3323,Village A,838019.3767017979,poor,3
3324,Village A,1019739.6412054938,good,3
3325,Village A,688843.1555801511,poor,0
3326,Village B,948476.7004433743,poor,1
3327,Village A,1236995.8812853247,good,0
3328,Village A,1888008.010758493,poor,3
3329,Village A,1277466.3696022013,poor,2
3330,Village B,1627812.8927748587,average,3
3331,Village C,1567614.605588341,average,4
3332,Village A,1749524.4177414868,good,2
3333,Village C,982592.5342413706,poor,0
3334,Village A,2029596.857561774,good,2
3335,Village C,796411.5075232035,good,4
3336,Village B,1276093.3988066963,poor,3
3337,Village B,1489547.2961117108,poor,1
3338,Village A,1880072.4240748736,good,5
3339,Village C,2189654.6677753767,average,1
3340,Village B,1884015.7600641951,average,1
3341,Village A,2207958.1787279295,average,3
3342,Village A,1085412.0352463475,average,1
3343,Village B,2095185.2400356047,good,4
3344,Village B,2009328.3649566504,poor,3
3345,Village A,301862.4714871682,poor,1
3346,Village C,1389767.878052862,good,5
3347,Village C,1801018.7116908913,good,0
3348,Village C,1242293.0672772806,average,3
3349,Village A,957087.4138518816,good,3
3350,Village B,2557087.6089709373,average,2
3351,Village A,1555520.0754854532,poor,1
3352,Village B,1569202.7170770306,good,0
3353,Village C,845502.942562467,poor,5
3354,Village C,1193819.5021018805,poor,4
3355,Village B,1051079.6853140485,poor,3
3356,Village B,2039487.6150696515,average,4
3357,Village A,1752316.810463026,good,4
3358,Village C,1214718.1535967353,poor,4
3359,Village A,1780250.1193331073,poor,2
3360,Village A,1373239.9271294614,average,4
3361,Village A,1617245.3589892709,good,1
3362,Village C,1614881.9435928531,average,1
3363,Village A,1710133.6052397995,average,0
3364,Village A,1649825.961698373,average,0
3365,Village A,1710524.8255824544,poor,5
3366,Village A,2127904.155242787,poor,4
3367,Village A,1820281.376536762,poor,4
3368,Village A,1331549.1186370202,good,2
3369,Village C,1451023.6270074127,poor,4
3370,Village A,2115085.293998533,average,4
3371,Village B,1556211.2274741074,poor,4
3372,Village A,1312990.7913214501,average,3
3373,Village A,1184430.828934982,poor,3
3374,Village C,1636519.0540831236,poor,2
3375,Village C,1072571.5987272118,poor,2
3376,Village B,2142397.711917153,average,1
3377,Village B,981090.8231214602,poor,2
3378,Village C,2239033.8627597108,average,5
3379,Village C,1357384.8420637755,average,1
3380,Village A,961631.323186172,average,4
3381,Village C,1594587.8692826882,average,2
3382,Village B,1023480.4208928554,good,5
3383,Village A,1517185.8805151302,poor,2
3384,Village B,1211228.2342003337,poor,2
3385,Village A,1972536.6339345456,good,1
3386,Village C,1568374.804968816,poor,1
3387,Village B,905749.5839627326,good,0
3388,Village A,1201481.7297869972,poor,1
3389,Village A,1852473.6247965647,average,1
3390,Village C,2143546.0518952375,poor,3
3391,Village C,1477362.5962661582,good,2
3392,Village C,977801.7190655482,average,1
3393,Village B,2027018.155425444,poor,2
3394,Village A,1850281.8374466875,poor,2
3395,Village C,2153269.7921512746,poor,3
3396,Village B,1645104.5592106534,average,2
3397,Village B,1239701.5421015536,poor,5
3398,Village B,1758444.2426977898,poor,1
3399,Village C,1663164.6117207909,average,2
3400,Village C,1212563.1540769828,poor,0
3401,Village A,1599319.2919237032,poor,0
3402,Village A,1402487.0555889767,poor,3
3403,Village C,1871768.92249184,average,5
3404,Village B,1746003.4551577175,good,1
3405,Village B,974204.3033594051,poor,3
3406,Village B,923788.7103195046,average,0
3407,Village A,1455094.4132132232,poor,5
3408,Village B,1516409.6426896579,poor,1
3409,Village A,1880488.3870459134,average,2
3410,Village A,1756651.9552809445,poor,1
3411,Village B,2229342.821606371,average,4
3412,Village B,1266403.267862285,good,1
3413,Village C,1237856.9652863964,good,2
3414,Village C,1020092.997177478,poor,4
3415,Village B,1874703.5573875401,poor,5
3416,Village A,1510876.0920079804,good,3
3417,Village A,573198.2415191769,poor,5
3418,Village A,1601082.6888539463,average,1
3419,Village A,1632985.0839085355,poor,3
3420,Village A,1427826.5286260783,poor,1
3421,Village C,1648327.4264792087,poor,0
3422,Village B,889882.1503871396,good,0
3423,Village C,2320515.9170500133,good,2
3424,Village A,1690129.7130379614,poor,5
3425,Village A,613150.5584606889,good,0
3426,Village A,1497051.4503349455,poor,4
3427,Village A,1703360.0998260572,poor,4
3428,Village B,943533.9625384756,average,1
3429,Village A,1766815.1395067188,average,3
3430,Village B,2340462.8115043323,poor,4
3431,Village A,1177815.4697252354,poor,1
3432,Village B,1714219.347934972,good,3
3433,Village C,1604299.2994960984,good,0
3434,Village A,1984144.9999061907,good,1
3435,Village B,1445579.047687929,poor,3
3436,Village C,966641.6868190655,average,2
3437,Village A,1952091.1234873533,poor,5
3438,Village A,996369.7046399282,good,5
3439,Village A,2404430.6889464725,poor,2
3440,Village B,1780384.6745075835,poor,4
3441,Village B,1200553.6316923173,poor,5
3442,Village C,2054325.8062531292,good,3
3443,Village B,1495405.4829845573,average,2
3444,Village B,1389297.2195029885,poor,4
3445,Village A,1159565.3119511176,average,1
3446,Village A,560910.5002340813,good,1
3447,Village A,1802196.2851834137,poor,3
3448,Village A,685936.6190911965,good,3
3449,Village A,1103352.834074311,good,3
3450,Village A,1716422.2769251387,poor,5
3451,Village A,1249661.7992522428,poor,3
3452,Village C,1578575.9353954743,poor,2
3453,Village C,893152.3430251734,poor,2
3454,Village C,1325770.3134310492,average,4
3455,Village C,1581692.852479094,average,2
3456,Village A,1024263.7420321391,average,5
3457,Village C,2343181.7388709607,poor,1
3458,Village A,1181288.0435596362,average,4
3459,Village C,2189208.394007953,average,2
3460,Village B,1416097.2276267668,good,3
3461,Village C,715762.216959323,poor,2
3462,Village C,931549.5957021737,average,0
3463,Village A,1588039.64446569,good,4
3464,Village C,2016387.8762792118,average,5
3465,Village B,2384888.5663126814,poor,2
3466,Village A,1564109.3642966473,poor,2
3467,Village A,911378.1262527093,good,5
3468,Village C,1639242.5402723728,poor,1
3469,Village A,1087392.6633199234,good,3
3470,Village A,1696095.810597276,good,3
3471,Village A,1029262.7237972252,poor,1
3472,Village A,455214.8814150938,average,1
3473,Village A,2158427.8298099493,poor,0
3474,Village A,1386791.634327369,poor,5
3475,Village B,1524830.1669082907,average,4
3476,Village C,1998350.6871197608,average,3
3477,Village B,2439423.3546657274,poor,1
3478,Village A,1860040.3260744784,good,1
3479,Village A,1551500.8081018056,poor,5
3480,Village C,1731436.43805662,average,4
3481,Village B,1352608.4783566813,average,1
3482,Village C,1518057.1892448198,poor,0
3483,Village B,1572431.818929592,good,4
3484,Village A,1106687.3715984332,average,0
3485,Village C,1510586.7934389384,average,2
3486,Village C,1683550.926251965,average,3
3487,Village A,1758508.448787775,poor,1
3488,Village C,1718661.8912146573,poor,4
3489,Village B,830487.3909628129,average,0
3490,Village B,2114629.4712998285,good,3
3491,Village B,2073140.6137269079,good,3
3492,Village B,1451925.7958906055,poor,1
3493,Village A,1727754.3475527172,poor,3
3494,Village C,1391723.1164457458,poor,1
3495,Village B,1875978.8314057332,poor,2
3496,Village A,1092864.0769333153,average,1
3497,Village C,2171230.297645462,average,5
3498,Village C,1851103.8059089785,poor,0
3499,Village A,1862716.8957844453,average,5
3500,Village A,1447473.5617870914,average,3
3501,Village B,793690.7475336534,poor,3
3502,Village C,1941967.350060385,average,3
3503,Village C,810219.3325487248,poor,1
3504,Village A,1947986.3301122729,average,4
3505,Village C,1113936.3915838883,good,1
3506,Village B,706475.6729846981,average,0
3507,Village C,1500499.8518567653,good,1
3508,Village A,2091400.2752692034,poor,3
3509,Village A,1017198.1257906567,average,2
3510,Village B,2299517.3121974133,average,0
3511,Village B,1828370.2719153375,average,5
3512,Village C,1578379.7611829382,good,2
3513,Village C,1282187.8718804438,average,0
3514,Village A,1317051.3241025948,average,0
3515,Village B,1715083.614375445,poor,3
3516,Village B,1923020.4292595307,poor,5
3517,Village B,1203251.891173956,average,1
3518,Village C,1096743.336357616,average,5
3519,Village B,1393086.5907890664,good,3
3520,Village A,2196814.3379286723,poor,3
3521,Village A,891555.8298317663,poor,3
3522,Village C,2071238.822371386,average,2
3523,Village C,1521139.9157965663,good,5
3524,Village B,673630.4284206927,good,5
3525,Village C,1269183.799217159,poor,0
3526,Village A,1804834.0364701364,poor,4
3527,Village B,2400906.9725203807,poor,1
3528,Village A,836313.6383092161,poor,3
3529,Village B,300000.0,good,5
3530,Village C,845223.5922710317,poor,5
3531,Village B,2065207.753933253,poor,0
3532,Village B,603129.14646579,poor,1
3533,Village A,2248626.9454396935,poor,4
3534,Village A,2107404.47388096,good,4
3535,Village B,1595518.121031379,poor,3
3536,Village C,1186817.344826486,poor,4
3537,Village C,1527630.3129085714,good,4
3538,Village A,1805543.6760700508,poor,1
3539,Village C,1729238.2323626494,average,1
3540,Village A,2369829.686635053,poor,3
3541,Village C,1369948.7750867517,average,5
3542,Village B,849578.5131885011,poor,0
3543,Village A,761359.6464339375,poor,3
3544,Village A,661354.3659704247,average,2
3545,Village B,1598139.4612678029,poor,4
3546,Village A,1382815.6496387715,average,0
3547,Village C,1516327.3014471359,poor,5
3548,Village C,1231470.2295969084,average,5
3549,Village A,944916.5706386614,good,1
3550,Village C,1807167.942313726,poor,2
3551,Village A,300000.0,poor,5
3552,Village B,1099202.2161231318,good,2
3553,Village A,1893245.0799841955,average,4
3554,Village B,1049580.7866484816,poor,1
3555,Village C,1695837.7098992486,average,0
3556,Village B,1099870.4522317676,poor,1
3557,Village C,1272077.5630848564,poor,4
3558,Village A,1787460.2579023992,good,5
3559,Village C,861075.8414684336,average,2
3560,Village A,1872639.1650381729,average,4
3561,Village A,1522960.2462238832,poor,5
3562,Village B,2128219.433689515,poor,3
3563,Village B,1604074.9858233698,good,2
3564,Village B,965256.6897603262,poor,4
3565,Village B,2363997.210970618,poor,0
3566,Village C,1007028.5275989212,poor,0
3567,Village C,1386421.957933029,average,5
3568,Village C,1978704.4634808865,poor,5
3569,Village A,560036.1126581809,poor,0
3570,Village C,2219834.4900569366,good,3
3571,Village C,924557.8538368432,average,1
3572,Village C,1272500.290081214,poor,0
3573,Village B,1644428.9520988378,average,5
3574,Village C,1479147.0719572995,poor,5
3575,Village A,1894588.0292252267,poor,3
3576,Village B,699596.2145144747,average,0
3577,Village A,1863725.6768863588,poor,3
3578,Village C,1903621.193886765,poor,0
3579,Village B,2014612.9146229464,average,1
3580,Village A,705169.6140167948,good,4
3581,Village C,765532.3830854889,average,0
3582,Village A,1328812.1751707443,poor,4
3583,Village A,819587.1093486495,poor,0
3584,Village A,598016.0502927481,poor,1
3585,Village C,1307267.9713894173,poor,5
3586,Village C,1617045.6807288823,poor,4
3587,Village A,2899489.76514733,average,3
3588,Village B,1774337.5770228452,poor,0
3589,Village B,2376134.9999499093,poor,5
3590,Village C,1477924.4568132116,average,0
3591,Village C,1779782.996433647,poor,3
3592,Village C,1426931.1522336127,good,1
3593,Village C,2841561.6083584446,poor,2
3594,Village C,1157204.568235471,good,0
3595,Village B,1225012.8499334045,good,3
3596,Village C,1898270.343828102,good,2
3597,Village A,1603736.451819663,poor,0
3598,Village A,1287918.998261442,good,4
3599,Village B,1980188.5743690783,poor,5
3600,Village A,1479426.4176344387,poor,5
3601,Village B,1475901.636276306,poor,3
3602,Village B,1615291.1537644456,poor,4
3603,Village A,632939.6552438308,poor,1
3604,Village C,703373.0041052819,poor,2
3605,Village A,2043447.806293404,poor,3
3606,Village A,1161519.1645412478,average,0
3607,Village B,1433524.3258951523,poor,5
3608,Village A,2306219.3180614635,average,0
3609,Village B,1456066.2720352076,good,2
3610,Village C,1394955.5929464195,poor,4
3611,Village C,1948038.7947476446,average,4
3612,Village C,1200867.54172357,good,3
3613,Village A,2101464.6146410196,poor,3
3614,Village B,1937778.95971824,poor,4
3615,Village C,2415166.5976541685,good,3
3616,Village B,1154828.4783614005,good,4
3617,Village B,2183487.3231012067,average,2
3618,Village C,1777046.0535019631,poor,3
3619,Village C,837316.8081624891,good,4
3620,Village B,300000.0,poor,3
3621,Village C,1100986.5589523353,poor,0
3622,Village B,1646173.9036728763,poor,5
3623,Village B,1718673.9663039036,poor,0
3624,Village C,1470459.4673574676,average,1
3625,Village A,1474935.3170384837,good,4
3626,Village C,1437003.2499499049,average,1
3627,Village A,2015608.5668691786,poor,4
3628,Village B,781855.1508584642,average,5
3629,Village B,1634144.928767139,average,3
3630,Village A,1088624.3620684792,poor,4
3631,Village B,1046729.4674712828,good,0
3632,Village A,2088115.2819534182,good,3
3633,Village A,1008368.4615400287,average,5
3634,Village B,1430240.8830500692,poor,0
3635,Village A,2479249.2009394974,average,3
3636,Village C,1919038.4840408373,good,4
3637,Village C,1272514.843519811,poor,4
3638,Village B,1313813.4707970596,good,0
3639,Village B,886398.5506708535,poor,2
3640,Village A,2150322.6211330257,average,4
3641,Village A,2005675.903960534,average,2
3642,Village A,1843301.1369348906,average,3
3643,Village A,1898416.4724045694,good,2
3644,Village C,1112737.6953012883,poor,0
3645,Village C,726043.7786320747,poor,1
3646,Village B,1780270.2126519047,average,1
3647,Village A,1944278.9368106972,poor,0
3648,Village A,2303523.3415634814,average,1
3649,Village B,1399554.8968632857,poor,0
3650,Village A,1326624.3607098404,poor,4
3651,Village A,1380369.897665272,average,2
3652,Village A,1835371.9127164439,average,1
3653,Village A,1358955.3586623769,poor,4
3654,Village A,1473880.45661833,poor,1
3655,Village B,1915526.445619477,poor,3
3656,Village A,1187081.922383132,poor,0
3657,Village B,2195576.992710882,poor,0
3658,Village A,1816544.5036632882,poor,4
3659,Village C,571189.6853298423,average,3
3660,Village C,1242322.9017358175,average,2
3661,Village C,487828.2508969456,poor,3
3662,Village C,1401660.3008565998,average,3
3663,Village B,1250844.447939732,good,5
3664,Village B,1917427.3796000944,poor,2
3665,Village A,1059490.825522333,poor,2
3666,Village C,1693867.500967245,average,3
3667,Village B,1784423.804734217,poor,1
3668,Village A,1628597.4261140071,average,5
3669,Village A,2070061.7908862643,good,1
3670,Village B,2534144.4254209376,average,3
3671,Village C,1555970.9713495336,average,1
3672,Village A,1702589.7584451842,average,2
3673,Village C,1059861.5230839448,poor,2
3674,Village C,990238.2929883788,poor,1
3675,Village C,2016914.825166364,good,2
3676,Village A,1950762.753051679,good,0
3677,Village C,985190.0629143685,average,2
3678,Village A,845889.7287452637,good,3
3679,Village C,1175631.5976597052,poor,4
3680,Village A,1429311.0152829445,poor,1
3681,Village C,1295436.795758378,poor,5
3682,Village B,1580257.4341661264,poor,1
3683,Village C,1958531.2561863028,good,2
3684,Village C,1731052.1893774692,good,2
3685,Village A,1768060.498842062,good,4
3686,Village A,300000.0,average,4
3687,Village C,693048.4899404588,poor,5
3688,Village B,1101771.5961769712,poor,3
3689,Village B,1184303.1759202466,poor,0
3690,Village A,1919913.9174696167,average,3
3691,Village B,1060549.2842659343,poor,5
3692,Village C,1833463.8306786842,good,1
3693,Village A,1107447.130596851,good,2
3694,Village C,899557.8563035923,poor,3
3695,Village A,922775.1704781041,poor,2
3696,Village A,2629133.2466446115,average,2
3697,Village A,1096317.5157450028,poor,3
3698,Village A,1845493.6044301703,average,3
3699,Village B,720900.7851248997,average,4
3700,Village C,2209464.5020893672,poor,5
3701,Village C,1674520.5725318566,average,5
3702,Village C,1636989.4343964437,poor,0
3703,Village A,1706913.6615716594,good,4
3704,Village B,1761999.8622226752,poor,0
3705,Village C,1904533.62942244,good,3
3706,Village B,1200451.290895486,average,5
3707,Village A,1171205.8531139388,average,5
3708,Village C,1524611.939024034,poor,0
3709,Village B,1842213.8802091544,average,1
3710,Village A,1466672.2618887555,average,4
3711,Village B,1886950.8978995515,average,4
3712,Village C,1808918.3913509587,average,4
3713,Village C,1391508.3692919868,average,5
3714,Village A,626410.0151095752,good,2
3715,Village A,1248236.0273230444,poor,5
3716,Village A,2371398.6169048375,good,2
3717,Village B,1670029.82535285,poor,5
3718,Village B,1180224.9343649538,good,3
3719,Village B,1625325.7888039497,good,5
3720,Village A,1838322.034163901,poor,3
3721,Village C,1180467.1952741833,average,2
3722,Village C,2117691.9470609482,average,4
3723,Village B,1747849.0105818252,poor,2
3724,Village B,950045.61341383,average,0
3725,Village C,1928183.1432711869,poor,4
3726,Village C,1295193.3076011525,good,5
3727,Village B,1410434.7868471972,good,5
3728,Village B,992015.6515159444,average,5
3729,Village C,1815723.206344915,average,5
3730,Village A,1425567.3866522892,average,5
3731,Village B,1836878.4772503045,poor,2
3732,Village C,1224508.8054672154,poor,3
3733,Village C,1167298.3560649608,average,2
3734,Village C,1126781.4642011249,good,1
3735,Village C,1698016.0897714642,average,2
3736,Village A,1159825.0877486318,average,4
3737,Village C,1398443.6756367935,average,5
3738,Village B,1240786.506346834,poor,2
3739,Village A,1720041.9624488382,average,3
3740,Village C,632348.7766978443,poor,5
3741,Village A,1623516.4351116691,poor,0
3742,Village B,2365671.5945479036,average,1
3743,Village C,2118013.054366849,average,4
3744,Village B,1191673.439013264,average,3
3745,Village C,1747300.888082492,average,1
3746,Village C,1650282.7364199525,average,2
3747,Village C,2234696.031581069,average,1
3748,Village C,300000.0,good,5
3749,Village C,2056433.684467582,poor,5
3750,Village A,1366241.1636180645,good,0
3751,Village C,1128385.5302747912,average,1
3752,Village C,1114098.985602687,average,1
3753,Village A,850046.84189436,average,5
3754,Village A,1192940.7962630321,poor,2
3755,Village A,960132.9730343022,poor,2
3756,Village A,1590108.5852536592,average,4
3757,Village A,1794968.8161641902,average,2
3758,Village A,1371713.2951808192,average,1
3759,Village C,2249861.6031280826,average,0
3760,Village C,1225789.3572715307,poor,2
3761,Village B,1345568.7888017036,poor,5
3762,Village C,1263529.678535788,average,5
3763,Village C,1799309.4369571975,poor,4
3764,Village A,1849786.7514259443,average,4
3765,Village A,1747683.4419855485,poor,1
3766,Village C,1437945.6730312651,average,2
3767,Village B,829688.5704610555,poor,2
3768,Village A,1340279.7095947466,poor,4
3769,Village C,2239069.8569502654,average,2
3770,Village C,2006618.9437174932,average,1
3771,Village B,1647025.19834336,poor,0
3772,Village B,1307773.9714407783,good,5
3773,Village A,1493190.7613327377,poor,1
3774,Village B,1309997.8804821428,poor,2
3775,Village C,2096525.8440417734,poor,1
3776,Village C,1080516.5008032923,poor,5
3777,Village B,1961834.6411484885,average,3
3778,Village B,1235398.7141706164,poor,5
3779,Village B,2160463.415180996,average,5
3780,Village B,1713387.9619040033,poor,3
3781,Village A,1125306.3000275656,average,2
3782,Village B,1345343.7932489964,poor,2
3783,Village A,1855820.3033616631,poor,0
3784,Village C,1250428.5882129702,poor,5
3785,Village B,1511068.242690603,average,1
3786,Village A,1243527.9154255278,average,0
3787,Village B,2379558.574124273,good,2
3788,Village C,2465535.946475665,average,2
3789,Village C,2231561.9766958617,average,4
3790,Village C,1437813.0174330836,average,0
3791,Village B,1298623.6766465157,poor,2
3792,Village B,1110418.2102429352,poor,3
3793,Village A,2267860.6454015533,average,4
3794,Village C,1965361.8553505845,average,1
3795,Village B,1989380.4407536702,poor,4
3796,Village C,1375036.0315595542,average,5
3797,Village C,621051.2578710458,average,5
3798,Village A,736021.1952296183,average,1
3799,Village A,1528817.0314512549,poor,3
3800,Village A,1238662.8718168323,average,1
3801,Village A,1181149.3528036843,poor,0
3802,Village C,1672574.186864312,poor,1
3803,Village A,2006829.9149297462,average,1
3804,Village A,1149386.4657016252,poor,4
3805,Village A,847195.1571719111,poor,3
3806,Village A,1161264.4122611368,poor,1
3807,Village C,978018.0187240337,poor,0
3808,Village A,1796416.3079629943,poor,4
3809,Village C,1497945.6228950392,poor,3
3810,Village B,2440244.61411778,average,3
3811,Village C,1867342.5598191312,average,2
3812,Village C,2406928.0684990827,good,5
3813,Village A,798062.3200461922,poor,0
3814,Village B,300000.0,poor,5
3815,Village B,1621496.0142177008,average,4
3816,Village B,1561610.1204960537,poor,4
3817,Village B,1438607.2927260315,good,0
3818,Village C,1547898.3628148225,average,3
3819,Village B,937986.9076346959,poor,1
3820,Village C,1781589.3489422253,average,0
3821,Village C,1868096.6200511688,poor,4
3822,Village C,900125.6414984462,good,5
3823,Village B,1323181.7895753544,good,0
3824,Village A,1354068.0754301194,average,3
3825,Village A,1164594.5489198605,poor,2
3826,Village B,919443.8049333892,poor,2
3827,Village A,1506252.4955127123,poor,1
3828,Village A,1630402.7603321492,poor,1
3829,Village C,1194908.9456178523,average,3
3830,Village C,954605.7011217712,good,5
3831,Village B,1705278.6225206864,poor,1
3832,Village B,1116339.7623821723,average,2
3833,Village A,1345397.2432003971,average,3
3834,Village C,1281961.68592089,good,3
3835,Village B,2122854.332084831,poor,3
3836,Village B,1139284.7679731909,poor,0
3837,Village B,2362763.289504492,average,5
3838,Village B,1876150.9690707535,good,5
3839,Village B,2410449.3378946763,good,1
3840,Village B,1832319.4147898369,average,5
3841,Village A,1389477.7761489146,poor,4
3842,Village C,1041316.8354239028,average,2
3843,Village C,1322294.3046128633,poor,1
3844,Village B,2243640.5126116136,average,5
3845,Village C,1476030.6038275573,average,2
3846,Village C,1830459.693577554,average,1
3847,Village C,1603485.6725329962,good,4
3848,Village B,1624830.5892546205,average,2
3849,Village B,1644079.8419824573,poor,4
3850,Village C,1747670.7434162262,poor,2
3851,Village C,1092946.254454595,good,0
3852,Village B,1362547.8645469025,poor,0
3853,Village A,1654656.6665081698,poor,2
3854,Village C,1581743.6112500983,poor,2
3855,Village A,1269397.698193883,average,4
3856,Village C,1708300.4573805525,poor,5
3857,Village A,1114429.3217213904,good,3
3858,Village A,888496.9155318652,good,2
3859,Village A,1647492.883944572,good,1
3860,Village B,900754.1312396213,poor,1
3861,Village A,1640062.0012098176,good,1
3862,Village A,522659.5022006233,good,0
3863,Village A,1137506.0804216003,good,5
3864,Village C,1336211.5434754423,average,4
3865,Village A,696682.4126911697,average,5
3866,Village C,1313663.8635634135,poor,0
3867,Village A,2092509.8189762055,good,5
3868,Village A,864845.6365582222,poor,5
3869,Village B,1327313.3772393246,poor,1
3870,Village C,2351322.3346860996,good,2
3871,Village A,969069.5684946158,poor,1
3872,Village C,2198611.6758669363,poor,5
3873,Village C,1360497.3599770186,good,2
3874,Village B,1550956.0429414576,good,4
3875,Village B,2145741.1157046924,poor,3
3876,Village B,1257451.0303494902,good,2
3877,Village B,1815512.8367017424,poor,0
3878,Village B,1942298.5533627938,poor,1
3879,Village B,1174592.9963789664,poor,1
3880,Village B,1119284.9164506022,poor,5
3881,Village B,1385698.4521755169,poor,5
3882,Village A,1401342.3294193803,poor,5
3883,Village C,960526.0104544056,good,5
3884,Village B,1179199.7506659841,average,1
3885,Village B,300000.0,good,2
3886,Village C,1332863.658352797,average,4
3887,Village A,1947197.0901506587,poor,2
3888,Village C,666655.4326127253,good,0
3889,Village C,1268427.7342282333,good,1
3890,Village B,2721166.403921611,poor,2
3891,Village C,1488719.979333233,poor,1
3892,Village C,2178397.183903985,average,0
3893,Village B,994042.3391544013,average,3
3894,Village B,1724409.2028861125,good,3
3895,Village B,908890.8849791558,poor,3
3896,Village B,1700532.3074721422,poor,1
3897,Village C,1921124.1173798917,average,2
3898,Village C,1802487.922764838,average,1
3899,Village A,1327531.3371342411,poor,4
3900,Village A,1637466.7830089459,poor,2
3901,Village C,1642245.9677047476,average,0
3902,Village A,1832994.8277275763,average,5
3903,Village C,1438116.5258967069,poor,3
3904,Village A,1965569.400117617,average,2
3905,Village B,2217302.699648029,good,2
3906,Village A,1341066.2766474998,good,3
3907,Village B,1523219.8639709803,poor,0
3908,Village B,1047592.6080941438,poor,1
3909,Village B,1670128.661912134,good,1
3910,Village B,1673318.8638903971,poor,5
3911,Village A,1528993.1925168512,average,2
3912,Village C,1566699.8271506347,average,3
3913,Village B,2460913.1945370934,poor,4
3914,Village A,300000.0,average,0
3915,Village B,1251671.5610202649,average,1
3916,Village A,1328138.16095396,average,0
3917,Village A,2228456.3064771504,poor,0
3918,Village A,1737644.4046592903,good,5
3919,Village C,1749842.9180690781,poor,0
3920,Village A,2129928.095451562,average,3
3921,Village A,1410021.6490983597,good,5
3922,Village C,1826163.267914116,poor,3
3923,Village C,1234617.0559233218,average,5
3924,Village A,973346.8370772687,good,3
3925,Village C,2397083.4936514944,poor,5
3926,Village B,1684515.864882065,poor,5
3927,Village B,1822331.297437301,good,2
3928,Village C,959912.657617333,poor,3
3929,Village C,1755176.322930944,poor,2
3930,Village A,2389116.3734359196,good,5
3931,Village C,1361274.9658078025,good,1
3932,Village A,872100.279410698,good,5
3933,Village B,1591988.0968270556,poor,1
3934,Village C,982051.5473948524,poor,1
3935,Village A,721100.6517644888,poor,1
3936,Village A,1132617.1526296074,average,1
3937,Village B,1253701.1026119986,average,3
3938,Village C,1006375.102724521,poor,4
3939,Village B,2163233.39106928,poor,3
3940,Village A,2444805.0023197373,average,4
3941,Village A,1809044.0081037162,average,3
3942,Village C,1692097.7460515301,poor,1
3943,Village A,1428975.9436444442,good,0
3944,Village C,1051833.5929434681,poor,5
3945,Village B,2301455.1155368173,average,4
3946,Village C,1468573.2514548278,good,0
3947,Village C,1268707.26396675,average,1
3948,Village A,2007378.3120016013,poor,4
3949,Village A,1463207.9050597933,poor,0
3950,Village C,1988647.1215457395,good,3
3951,Village A,1295125.646732228,poor,1
3952,Village A,2008818.4627268366,average,3
3953,Village A,1989883.608470682,good,3
3954,Village C,2162414.2109950464,good,1
3955,Village A,1145287.5802032533,average,4
3956,Village C,1458480.281810505,good,5
3957,Village A,2473885.0394681245,good,2
3958,Village B,1376793.9604477743,poor,2
3959,Village A,1905512.8990162383,poor,5
3960,Village A,2645282.5088109607,poor,1
3961,Village C,575479.402066269,poor,2
3962,Village C,1360222.1810142123,good,5
3963,Village A,1500935.091945938,average,0
3964,Village B,600560.6703630519,good,5
3965,Village A,1272014.3910097287,average,4
3966,Village A,1014309.361472967,average,5
3967,Village B,1928842.734175422,average,3
3968,Village C,633676.3224362009,poor,3
3969,Village A,2444661.310990273,good,1
3970,Village C,1844948.7066289727,poor,3
3971,Village C,973089.2098864807,average,0
3972,Village B,2013209.7274359888,poor,5
3973,Village B,1798489.8367587556,good,0
3974,Village C,1480616.1876046627,good,1
3975,Village A,1139271.5587120668,average,3
3976,Village C,1773831.6410037419,average,2
3977,Village A,1561460.1828739648,average,5
3978,Village A,1155379.7438674078,poor,2
3979,Village B,828372.4529519135,poor,4
3980,Village A,1074705.4895814331,average,1
3981,Village A,1248351.0721813873,poor,4
3982,Village C,2081243.6420957374,average,2
3983,Village B,1930379.4748786206,average,2
3984,Village A,1274966.2328429625,poor,2
3985,Village A,1294403.0201538035,poor,4
3986,Village B,1995676.1397758499,poor,1
3987,Village C,1633673.3747126313,poor,5
3988,Village B,1626707.3799371498,average,5
3989,Village B,1148312.2972528408,average,0
3990,Village A,1438290.5714759273,good,0
3991,Village A,1502130.833609544,poor,2
3992,Village C,1454404.1265131445,good,1
3993,Village A,1867033.9559279315,poor,1
3994,Village A,1882676.919708025,average,3
3995,Village B,1040521.0826502317,average,3
3996,Village A,1249892.7421245615,average,4
3997,Village C,1156313.2333898519,average,3
3998,Village B,2194262.883055107,poor,5
3999,Village C,2626745.26488292,poor,5
4000,Village B,1268189.3124315443,good,4
4001,Village A,1416452.3772215585,poor,0
4002,Village B,1921157.4155986656,poor,2
4003,Village B,1146394.4603851384,poor,1
4004,Village A,1932454.1637912383,poor,0
4005,Village A,1489565.368468894,average,5
4006,Village C,628130.1485250185,average,0
4007,Village C,849783.2098141527,poor,4
4008,Village A,1331072.9663746043,poor,2
4009,Village A,2111474.277395423,average,5
4010,Village A,1053732.7008055109,average,4
4011,Village B,1232949.6993460176,good,0
4012,Village B,1605562.1133912988,good,1
4013,Village B,665617.521969496,good,3
4014,Village A,1649276.6405288237,average,4
4015,Village C,728129.956950449,average,5
4016,Village A,1783592.1047308932,poor,0
4017,Village B,1095610.9588813027,average,3
4018,Village B,1028975.4298925924,poor,3
4019,Village A,1636398.312265897,good,0
4020,Village A,1896995.254750533,average,2
4021,Village B,1688129.9280285935,average,0
4022,Village B,1603821.749925178,poor,5
4023,Village B,1610901.1047086152,average,1
4024,Village A,1691160.943880831,poor,5
4025,Village B,1724018.098024252,poor,3
4026,Village B,1302859.4749665235,poor,1
4027,Village C,1827251.47439037,poor,4
4028,Village A,1100904.8874093997,average,3
4029,Village C,2045696.6318106872,average,2
4030,Village C,1891221.824394241,good,0
4031,Village B,2590450.5022923537,poor,4
4032,Village A,1756924.2256527848,poor,5
4033,Village B,1954549.8432737947,good,1
4034,Village A,719730.855993698,average,4
4035,Village C,1970848.3711528615,average,2
4036,Village A,2088228.0111821317,average,0
4037,Village B,2252360.6466942253,good,4
4038,Village B,1560233.1761707496,poor,5
4039,Village B,1329053.3119459949,poor,1
4040,Village A,955242.6123616894,average,4
4041,Village C,1000982.0190664806,poor,0
4042,Village C,1487196.6627221417,good,5
4043,Village A,624281.0013980841,poor,4
4044,Village B,1115890.6959593506,average,1
4045,Village C,1544761.0253803257,average,0
4046,Village B,1533601.7263551056,poor,2
4047,Village A,1015303.1233145851,good,2
4048,Village B,883068.3447706816,good,3
4049,Village C,957743.7718069917,average,4
4050,Village C,1389573.920597565,good,1
4051,Village B,2564898.5715416325,poor,4
4052,Village A,2030169.543033636,good,0
4053,Village B,1607097.2019421207,poor,3
4054,Village A,1776945.382671851,poor,1
4055,Village B,2007932.4369400707,poor,4
4056,Village C,1837809.3254644955,poor,1
4057,Village A,1345895.0132863715,poor,0
4058,Village A,1077205.8967142308,good,3
4059,Village A,1437362.9146372313,good,1
4060,Village C,2002120.8334559603,poor,0
4061,Village B,1364804.4122778794,poor,2
4062,Village C,947662.185431175,good,1
4063,Village A,638276.0036128387,poor,3
4064,Village B,1439484.6191608943,poor,5
4065,Village C,987178.8787310792,average,5
4066,Village A,1281742.0568118664,poor,1
4067,Village A,2228116.2644266607,poor,1
4068,Village C,1473075.1443765298,average,0
4069,Village C,1124769.6126256112,average,4
4070,Village C,1654375.6404959345,poor,5
4071,Village A,2460477.333540125,good,4
4072,Village C,1439651.875796487,average,5
4073,Village A,322236.84867401444,poor,1
4074,Village C,1825038.2882629898,poor,3
4075,Village A,1673215.0304634185,poor,3
4076,Village A,1545061.177747863,poor,5
4077,Village B,1390411.370669516,poor,5
4078,Village C,1096363.9125576091,poor,0
4079,Village C,2257487.1119669285,poor,1
4080,Village A,580845.3326454762,average,1
4081,Village A,1345519.4595941303,average,4
4082,Village A,1333829.9142070636,average,0
4083,Village B,1926720.9011985967,average,2
4084,Village B,2117830.322691872,good,3
4085,Village A,1386633.0949862537,average,3
4086,Village C,1596482.9261343433,poor,1
4087,Village C,1638993.4072386194,poor,0
4088,Village B,2026663.119704792,good,2
4089,Village B,2016365.2236815325,poor,3
4090,Village A,1230793.2277505347,poor,0
4091,Village C,1718950.7007181554,average,2
4092,Village A,1691625.896236432,average,5
4093,Village B,1442045.0265750655,average,1
4094,Village C,1686890.8670160798,poor,4
4095,Village C,1510093.8809381125,poor,3
4096,Village B,1578945.2995572432,good,3
4097,Village A,821996.8441437505,poor,2
4098,Village A,1041019.3139656854,poor,4
4099,Village C,1908877.7547865957,average,5
4100,Village B,894706.0615904407,good,0
4101,Village C,1735054.6045978467,average,1
4102,Village B,1459287.0094872746,good,0
4103,Village A,2015327.3646649155,poor,2
4104,Village B,1824400.2710483428,poor,3
4105,Village A,1273360.4147715825,poor,5
4106,Village B,1388375.826064225,good,3
4107,Village C,507231.09271995735,average,0
4108,Village A,1434800.9424036355,poor,5
4109,Village C,864925.6286979048,average,1
4110,Village C,1390646.8209957217,poor,2
4111,Village A,1181040.8830220653,average,1
4112,Village A,1061685.3990552595,good,2
4113,Village C,2093862.256060107,poor,1
4114,Village C,861894.5514964731,poor,0
4115,Village C,1018467.4432940773,poor,4
4116,Village C,1150894.4783049603,poor,5
4117,Village A,1259440.9705647044,poor,2
4118,Village A,1061610.7442642278,average,0
4119,Village C,1320425.7538468537,poor,3
4120,Village B,1651077.1584094323,good,3
4121,Village B,1834929.3790144827,poor,1
4122,Village A,1810653.9787051263,poor,3
4123,Village C,545898.7108344678,poor,4
4124,Village C,1690097.9467557187,average,2
4125,Village A,1720949.2463565632,poor,1
4126,Village B,1168800.428144412,good,2
4127,Village B,2333842.1031535696,average,2
4128,Village B,2043833.1159072935,good,0
4129,Village A,1408487.8084294777,average,3
4130,Village B,1202015.8473658836,poor,5
4131,Village A,2325722.2304714797,good,2
4132,Village A,1490493.1310702728,good,4
4133,Village C,1542518.5288302035,good,4
4134,Village B,1536228.2985629246,poor,5
4135,Village A,2651552.23560799,average,3
4136,Village B,1391742.3679464802,poor,3
4137,Village B,1488179.0116005917,poor,1
4138,Village C,1084468.6685005703,average,1
4139,Village B,1305250.2788681802,good,1
4140,Village C,984303.9028567509,average,3
4141,Village A,1094633.373483439,good,2
4142,Village B,595024.1710961348,poor,0
4143,Village A,1940762.285489384,poor,5
4144,Village B,1578373.1687929565,average,5
4145,Village A,1619554.64614041,poor,5
4146,Village B,1473780.8467335657,good,1
4147,Village B,1535883.0087586713,poor,0
4148,Village B,2309569.5356252184,poor,4
4149,Village B,1115613.6040826296,average,3
4150,Village B,1639178.3991395913,poor,4
4151,Village B,1636495.5714125044,good,1
4152,Village B,2070994.614197879,average,2
4153,Village B,1719327.4062768756,poor,1
4154,Village B,1744459.4224136753,good,0
4155,Village A,870865.2147300718,poor,1
4156,Village C,1095548.8241475092,good,5
4157,Village B,916555.7979682037,poor,2
4158,Village C,300000.0,poor,2
4159,Village B,1698599.6680538189,good,3
4160,Village B,1369185.5800459934,good,3
4161,Village A,1699535.8442898463,poor,5
4162,Village A,1517744.6402677502,average,2
4163,Village C,1620218.1576018047,good,5
4164,Village A,2169057.7058858513,poor,2
4165,Village A,1503647.5446379767,poor,0
4166,Village C,1834494.609051913,average,1
4167,Village A,1348878.156982962,poor,3
4168,Village B,1912394.0600061293,poor,0
4169,Village C,880181.1726401097,good,1
4170,Village C,581221.8992500235,poor,3
4171,Village B,2553330.235832218,good,5
4172,Village A,2418152.076156622,average,0
4173,Village C,527242.7517768106,average,4
4174,Village C,1481943.3370118614,average,4
4175,Village B,1574958.171539321,poor,3
4176,Village B,1861485.7909841945,poor,0
4177,Village A,2369604.4482756164,poor,1
4178,Village C,969294.8739904411,average,1
4179,Village A,996159.0872422761,poor,0
4180,Village A,1499414.411904393,poor,4
4181,Village B,1018210.9830572644,good,0
4182,Village C,300000.0,good,4
4183,Village C,1386379.9676125546,poor,4
4184,Village C,1928771.9535783452,poor,5
4185,Village B,1489766.307230674,average,5
4186,Village B,1812022.629574901,good,1
4187,Village B,1740503.101977126,poor,3
4188,Village B,986507.187304016,poor,2
4189,Village B,1534010.7721895275,good,0
4190,Village C,737419.675480495,good,4
4191,Village A,1244044.669257398,average,0
4192,Village C,1525226.5922259663,poor,3
4193,Village A,1499423.6668559636,poor,3
4194,Village B,854532.5615947144,average,2
4195,Village A,955502.2568972235,poor,2
4196,Village C,1645479.814828948,poor,4
4197,Village C,1913696.7176516503,poor,5
4198,Village A,1396516.2532550513,average,2
4199,Village B,1371486.6603733895,average,5
4200,Village B,1965638.000001461,good,5
4201,Village C,1113966.942986368,average,4
4202,Village A,2363514.7830520584,good,1
4203,Village B,827363.6476751257,good,5
4204,Village B,2024248.1657443969,poor,4
4205,Village C,1769583.9220765287,poor,2
4206,Village B,2705060.261197596,average,0
4207,Village A,939415.3398089461,poor,2
4208,Village C,332988.5706995146,good,3
4209,Village C,2124723.1836476955,poor,2
4210,Village A,764333.2463401076,poor,1
4211,Village C,1807888.246069044,average,4
4212,Village B,2091075.5403136285,average,5
4213,Village B,1689880.382358876,average,3
4214,Village A,1616090.4432510969,average,4
4215,Village B,1700470.0174034724,poor,4
4216,Village A,1918710.9466856723,poor,5
4217,Village A,1793534.242381509,good,2
4218,Village B,891708.0966044223,poor,0
4219,Village A,2412499.860924592,poor,3
4220,Village B,1525554.017438451,poor,5
4221,Village C,1759170.7932397523,poor,1
4222,Village C,1855494.5087634313,average,1
4223,Village A,2077963.9009406427,average,0
4224,Village B,2026053.4112373178,average,0
4225,Village B,1565868.4132237462,average,2
4226,Village C,1533733.242292395,poor,1
4227,Village C,1704305.4914844483,average,3
4228,Village B,2050030.5029767333,poor,5
4229,Village A,943689.1575835579,poor,0
4230,Village C,1822047.7111209799,poor,0
4231,Village A,1056838.697502001,poor,0
4232,Village A,2425606.762500735,average,5
4233,Village C,1683657.0839922386,average,3
4234,Village A,1291986.2126745658,good,1
4235,Village A,1714358.300834448,average,3
4236,Village B,1504600.8288432264,poor,5
4237,Village A,1419906.518833786,poor,3
4238,Village B,595387.3717961246,poor,2
4239,Village C,987903.4984111425,poor,5
4240,Village C,1429773.450258743,poor,0
4241,Village B,655822.9301597986,poor,1
4242,Village C,1206411.8513211897,average,2
4243,Village A,1250062.6186064873,average,2
4244,Village A,1110278.6866310341,average,5
4245,Village A,1886177.4068323204,average,4
4246,Village C,1059915.340700931,average,0
4247,Village A,1544204.406038282,average,1
4248,Village C,1323418.0205047126,average,1
4249,Village A,1440601.3684339325,poor,1
4250,Village B,2303200.3763255654,average,5
4251,Village C,1589843.1759165875,average,0
4252,Village C,1686516.4457631442,poor,5
4253,Village A,1117291.456393466,poor,1
4254,Village C,1813074.8386478187,poor,3
4255,Village C,1791984.9534239173,average,3
4256,Village B,1743804.3335193559,average,0
4257,Village B,895411.5910586742,poor,1
4258,Village A,1207376.3910159532,poor,5
4259,Village B,2216790.0317841456,good,4
4260,Village A,1156127.7671563653,poor,4
4261,Village A,2284994.0128773153,poor,4
4262,Village A,1226801.7114747965,poor,3
4263,Village C,1574108.0770264112,average,5
4264,Village B,1406415.382871268,average,4
4265,Village A,1077597.358909168,poor,1
4266,Village B,1084795.510215158,good,1
4267,Village A,1147878.4967551325,average,4
4268,Village B,1574032.1407247875,poor,2
4269,Village B,1945208.7619976352,average,4
4270,Village A,1541578.326356998,poor,2
4271,Village C,1483310.8817272254,average,0
4272,Village B,2105189.027671148,poor,0
4273,Village C,1520669.0884831566,average,1
4274,Village C,1228568.1974443265,poor,5
4275,Village A,1001129.4606816003,good,3
4276,Village A,2135223.641829309,poor,5
4277,Village A,1335301.2449188486,average,1
4278,Village B,1210713.102813066,poor,1
4279,Village A,1167478.3882136368,good,5
4280,Village A,2107095.2777438643,average,3
4281,Village B,1213513.0033658876,poor,1
4282,Village B,1995231.3788375468,good,3
4283,Village A,1384796.0447952654,poor,1
4284,Village A,895809.8344865383,average,0
4285,Village A,1333754.1530900497,average,2
4286,Village A,1483603.4327760297,poor,1
4287,Village C,1442414.6036143252,good,2
4288,Village C,1430008.1485619324,poor,4
4289,Village A,1339027.5284140904,poor,1
4290,Village C,1107495.0201486854,good,0
4291,Village B,1505368.7818870968,average,3
4292,Village C,1770474.210363963,poor,0
4293,Village C,768702.1197001438,poor,2
4294,Village A,2149531.1090261033,average,3
4295,Village C,300000.0,poor,0
4296,Village C,1537624.2873831745,good,0
4297,Village C,1733043.4677367124,average,0
4298,Village C,1198323.595052488,poor,5
4299,Village B,437082.61451470945,poor,3
4300,Village A,1451637.949953976,average,0
4301,Village A,1584847.962301717,poor,0
4302,Village B,925640.6327119003,average,2
4303,Village C,1084933.2947097702,good,0
4304,Village B,1981356.048031892,average,0
4305,Village C,1558840.879850888,poor,4
4306,Village B,745661.5053686796,poor,3
4307,Village A,1724914.9588775658,average,4
4308,Village A,1034740.584010816,average,5
4309,Village A,1112618.783586676,average,2
4310,Village C,1598828.696340399,poor,4
4311,Village C,1552245.0138095676,good,5
4312,Village B,1298696.7294205842,poor,1
4313,Village B,1247895.3127090735,average,3
4314,Village A,1374600.4806375275,average,0
4315,Village C,1109703.2534636836,average,4
4316,Village B,2044506.1258887714,poor,4
4317,Village C,715403.1504957671,average,0
4318,Village C,1379560.7027133375,poor,0
4319,Village A,770297.4633107255,average,2
4320,Village A,1968000.873639261,poor,4
4321,Village C,1378844.8330065126,poor,4
4322,Village C,971665.7035594437,poor,1
4323,Village C,1842523.813130843,good,5
4324,Village C,354034.6616305299,average,1
4325,Village A,1640442.012569494,average,4
4326,Village B,2075644.5942688736,average,1
4327,Village A,1589771.7789313896,good,4
4328,Village B,1246744.7766079586,poor,3
4329,Village C,878909.0190953139,average,2
4330,Village B,2041257.3177112539,average,1
4331,Village A,1963710.9288211507,poor,4
4332,Village A,1177319.0845544892,poor,1
4333,Village C,1190681.2431952362,poor,5
4334,Village A,2093383.5501133252,poor,2
4335,Village C,1765806.5733942722,poor,3
4336,Village A,606707.830144627,poor,0
4337,Village A,1402148.797648504,average,0
4338,Village C,1383721.7761110847,poor,1
4339,Village B,1623817.2363148024,poor,4
4340,Village A,1503023.0079676528,good,5
4341,Village B,1243644.4191138907,average,2
4342,Village A,1589179.826179939,poor,3
4343,Village A,1276111.16857664,average,3
4344,Village A,3207093.5129900295,poor,3
4345,Village A,1561363.9505067682,poor,0
4346,Village B,1492650.265435499,poor,2
4347,Village B,2421403.7791557815,good,0
4348,Village A,817828.3032778483,average,1
4349,Village A,1445013.5629582591,average,3
4350,Village B,1025198.4564978633,good,2
4351,Village C,1817505.0282550445,good,3
4352,Village C,1252825.2589109335,average,0
4353,Village B,1790046.8675998738,average,0
4354,Village A,1754025.4992172713,poor,0
4355,Village A,1890186.130995037,poor,3
4356,Village C,1762259.3962609782,average,2
4357,Village C,1387980.3030724917,average,2
4358,Village B,801173.6466155066,good,1
4359,Village C,2004542.4705066318,poor,3
4360,Village B,2204513.7123325784,average,1
4361,Village C,1031065.8443541978,average,5
4362,Village C,1867938.680806344,poor,1
4363,Village C,914818.6262072067,average,1
4364,Village A,1601716.0873809487,average,1
4365,Village A,1704710.2431041654,average,0
4366,Village A,1286890.113097663,average,5
4367,Village C,1547535.718446538,poor,1
4368,Village B,1924101.5857486078,average,2
4369,Village B,1445291.7473744948,average,1
4370,Village B,1162431.2477199011,average,0
4371,Village B,888110.3936138306,average,4
4372,Village A,1304617.816872795,poor,5
4373,Village A,912639.2093954555,poor,4
4374,Village C,1311307.98918028,poor,4
4375,Village C,1267378.7682852056,poor,5
4376,Village B,1902052.4849812603,average,3
4377,Village A,1536737.5081051553,good,2
4378,Village B,2773629.844858596,poor,0
4379,Village C,493205.38174618257,poor,5
4380,Village C,1656685.71585939,poor,4
4381,Village B,1274221.8572502444,poor,0
4382,Village C,1021979.6897577769,average,0
4383,Village B,1485115.252711915,good,3
4384,Village A,1447691.5338195197,good,4
4385,Village B,2038906.408673016,poor,1
4386,Village A,1545629.2234015013,good,0
4387,Village A,1153599.2061406157,poor,4
4388,Village C,1667105.28185016,average,0
4389,Village C,1385174.2181442413,average,3
4390,Village C,937260.7274396466,average,3
4391,Village B,1375727.3152436118,poor,1
4392,Village B,1615471.0387033443,poor,3
4393,Village C,1536141.2151160734,average,4
4394,Village B,1665156.5273159412,poor,5
4395,Village C,1236757.3954964043,poor,3
4396,Village B,1658805.9807169717,average,5
4397,Village A,1560057.9064087078,average,1
4398,Village A,1564114.6918867715,average,2
4399,Village C,1516178.2764133434,poor,0
4400,Village B,2588046.6051179823,good,0
4401,Village B,2055063.1219000346,poor,4
4402,Village A,1647695.8784643163,good,1
4403,Village A,1099896.3615758915,poor,1
4404,Village C,1353833.750121768,average,1
4405,Village A,2307894.0755741694,good,0
4406,Village C,1218531.268583248,poor,3
4407,Village A,1417135.1834322673,poor,0
4408,Village A,1389298.3371927957,poor,0
4409,Village B,1683943.638579258,poor,0
4410,Village A,1281676.7613572844,average,3
4411,Village A,1588429.0040741276,poor,2
4412,Village C,1292841.552674188,good,4
4413,Village A,2157255.349765866,average,2
4414,Village C,1156861.1877830033,poor,2
4415,Village A,1988822.422394218,good,0
4416,Village A,1207432.0718381673,poor,2
4417,Village C,1073126.836059629,poor,0
4418,Village B,1149603.626755039,poor,0
4419,Village C,644282.1364826229,average,4
4420,Village C,1719299.2231921533,poor,1
4421,Village C,918011.9452384479,average,0
4422,Village B,1321040.2362036968,poor,2
4423,Village A,1880810.7987993816,good,4
4424,Village C,1864676.3398723174,average,5
4425,Village C,784170.5420013672,poor,5
4426,Village B,1655271.7899654687,average,5
4427,Village C,2070246.9911541278,average,2
4428,Village A,1181578.544905068,poor,1
4429,Village B,1756786.6640009144,poor,3
4430,Village A,928360.1971027304,poor,1
4431,Village A,1692828.4766184948,good,4
4432,Village B,1565635.680664829,average,1
4433,Village C,1830573.4779127263,poor,5
4434,Village A,1799573.0434443527,poor,1
4435,Village A,823258.1952244238,average,4
4436,Village A,1568276.6203720963,average,4
4437,Village A,2226456.822136936,average,5
4438,Village B,407345.58910878515,good,2
4439,Village B,1983463.0569310328,poor,0
4440,Village A,2300852.5498145437,poor,3
4441,Village C,757682.2397575992,poor,3
4442,Village A,1164650.4644262607,good,5
4443,Village C,1758871.6609752658,poor,3
4444,Village A,1056937.4420931796,poor,1
4445,Village C,2182289.5918226815,average,4
4446,Village A,2029448.1328780355,poor,4
4447,Village C,807518.3802284409,poor,5
4448,Village A,1128470.9500344936,average,4
4449,Village A,1884918.4109175107,poor,0
4450,Village C,1865329.701373664,poor,4
4451,Village B,2609220.0176515193,average,4
4452,Village C,1060058.8972752593,poor,1
4453,Village B,2229608.9197359956,poor,2
4454,Village A,1043043.0276182152,good,3
4455,Village C,1750160.4662279356,poor,1
4456,Village C,1946171.220779742,average,1
4457,Village C,300000.0,poor,1
4458,Village B,1955603.1490413912,average,3
4459,Village B,2192284.845524693,poor,5
4460,Village A,2047940.876736871,poor,1
4461,Village B,2526669.4050388383,poor,2
4462,Village B,1982588.6417529453,average,5
4463,Village A,1231397.4493237427,average,4
4464,Village C,2119505.567207639,poor,2
4465,Village C,1203016.8597222923,good,5
4466,Village A,1541208.9624729892,poor,4
4467,Village C,1915891.636700618,average,4
4468,Village B,1724040.412073355,poor,1
4469,Village A,2175565.995925082,average,1
4470,Village A,2744337.347919384,average,3
4471,Village A,931318.0290243002,average,0
4472,Village C,1335831.9405951563,poor,2
4473,Village A,1658189.1812811547,poor,3
4474,Village A,1268404.5283466293,average,3
4475,Village A,1462146.8657510506,poor,2
4476,Village C,1887909.8031375343,poor,5
4477,Village B,1821454.1656833836,poor,2
4478,Village A,1623666.3651529418,poor,4
4479,Village B,1573865.2516321153,poor,0
4480,Village C,1388064.9327531918,good,5
4481,Village C,2202261.419723859,average,1
4482,Village C,2331694.418296499,average,0
4483,Village C,2009407.0018042354,poor,0
4484,Village B,925311.7060670228,average,1
4485,Village A,1368894.7849827642,average,0
4486,Village C,1599832.9798864424,average,5
4487,Village C,1029652.7360388825,poor,5
4488,Village B,1539541.8523644642,good,5
4489,Village B,1511110.8962671214,average,3
4490,Village C,2042069.0872936153,good,3
4491,Village A,1250854.7801606841,poor,5
4492,Village A,2081651.4441368475,poor,1
4493,Village C,1021315.9819153068,poor,1
4494,Village B,1091080.4011693231,average,2
4495,Village C,1310318.8461340063,poor,2
4496,Village C,1523935.9433324041,good,5
4497,Village B,300000.0,good,0
4498,Village C,1729648.7827054695,average,0
4499,Village C,2354671.2658728757,average,1
4500,Village C,1825634.7839886767,average,0
4501,Village B,1394665.0365974186,average,4
4502,Village A,957704.4588652037,poor,3
4503,Village A,593488.8821254933,average,0
4504,Village B,678488.1876423414,good,0
4505,Village A,1434580.0624965616,poor,2
4506,Village C,2553455.0092256344,good,4
4507,Village A,300000.0,poor,0
4508,Village C,1850108.9446175315,poor,3
4509,Village A,1161142.2938070293,poor,0
4510,Village B,1332252.5204858284,poor,1
4511,Village A,1031150.5567279939,good,4
4512,Village A,816280.6042565478,good,0
4513,Village A,1562818.6193361604,average,4
4514,Village B,1631401.7432348346,good,0
4515,Village A,1834170.0293596452,poor,3
4516,Village B,657378.1469459048,poor,3
4517,Village C,1936986.1667390438,average,4
4518,Village A,1945903.777127592,good,5
4519,Village B,1712246.8432157359,poor,2
4520,Village B,1289519.1914657694,good,2
4521,Village A,1654215.4335944722,average,1
4522,Village C,1419775.471594839,good,5
4523,Village B,1984258.1649925031,poor,2
4524,Village A,1316727.8510366085,average,4
4525,Village C,1554012.2150383343,average,2
4526,Village B,630838.9975144296,average,1
4527,Village B,1652649.8945951108,poor,0
4528,Village C,1125222.7745476316,good,2
4529,Village C,1756233.1086802846,good,4
4530,Village A,1894212.4476239171,poor,4
4531,Village A,1195013.528952674,poor,1
4532,Village B,1515594.1512338584,average,1
4533,Village C,1587247.455676629,average,3
4534,Village C,1684031.8659666604,average,3
4535,Village C,1894928.9128219578,poor,3
4536,Village B,1829505.5881817315,average,0
4537,Village C,1310054.8463759336,average,4
4538,Village C,2299160.9645770523,poor,3
4539,Village B,1875993.7380604004,average,4
4540,Village A,2202572.1961260135,poor,1
4541,Village A,1673353.3616859596,poor,0
4542,Village B,1702902.7276392702,average,1
4543,Village C,1441404.4742977284,good,4
4544,Village B,1278112.7607811522,poor,5
4545,Village A,1987669.0905521845,poor,5
4546,Village A,1632295.312290708,poor,3
4547,Village B,1434218.0772433025,poor,5
4548,Village B,988687.5070642988,poor,1
4549,Village A,2277557.7688540597,average,5
4550,Village B,1556312.717316285,poor,2
4551,Village A,886638.7113907245,good,0
4552,Village B,1540711.2329122617,poor,4
4553,Village B,1399539.781099719,good,3
4554,Village B,1379026.7999274258,good,1
4555,Village A,1788129.9009856828,average,0
4556,Village B,1400230.239284882,poor,3
4557,Village A,1347250.4739597538,average,1
4558,Village A,2181202.368469429,average,5
4559,Village B,630216.5123690093,good,4
4560,Village B,1474308.8460528618,average,2
4561,Village A,1964425.9303294066,poor,2
4562,Village A,1813466.2244462334,good,5
4563,Village C,2010024.296638309,good,4
4564,Village A,2510785.939942002,average,0
4565,Village C,2349475.871945996,good,4
4566,Village C,922232.6430585627,average,5
4567,Village C,694648.2919462519,average,1
4568,Village B,1663426.2033492578,average,0
4569,Village B,822941.1592211897,average,2
4570,Village A,536765.3399024617,poor,5
4571,Village C,1658121.4289307932,average,1
4572,Village B,1783522.6627426168,average,5
4573,Village B,2355570.3227745066,poor,3
4574,Village B,1884215.5349952118,poor,3
4575,Village B,2459780.042984822,average,3
4576,Village B,1677777.092667989,average,2
4577,Village C,931864.8806603212,poor,4
4578,Village C,1911093.5280858118,good,0
4579,Village C,2167156.5497599104,good,2
4580,Village C,1695542.198955786,average,1
4581,Village A,2225275.23267787,poor,1
4582,Village C,1438374.6434819114,good,3
4583,Village B,1772949.5585576622,good,0
4584,Village C,1412833.9593290654,poor,3
4585,Village A,2689521.7956985515,poor,1
4586,Village B,1920630.3431636058,poor,1
4587,Village C,941647.4345743965,average,4
4588,Village C,2426298.73423731,poor,4
4589,Village C,1133410.120821306,average,4
4590,Village B,1506847.9797832696,poor,3
4591,Village B,1734150.39791283,good,5
4592,Village A,1774995.987421827,poor,0
4593,Village B,1741861.111744199,average,4
4594,Village B,933477.2473302732,good,2
4595,Village C,1743517.3175810552,poor,4
4596,Village B,2050322.9685678515,poor,3
4597,Village C,2035932.014997079,average,0
4598,Village C,849093.7032739812,poor,4
4599,Village B,1172173.5592594862,good,0
4600,Village A,977739.1768995599,poor,2
4601,Village A,1669906.4960002247,poor,1
4602,Village B,724176.1087762195,good,0
4603,Village A,938628.6138592659,average,5
4604,Village C,1167432.5051743845,average,4
4605,Village C,601604.9438846388,poor,3
4606,Village B,1486100.4480704516,poor,5
4607,Village A,446752.38049595244,good,5
4608,Village A,1742672.3847717661,poor,3
4609,Village C,1301489.180665563,average,3
4610,Village B,1188008.3963817786,poor,3
4611,Village A,1269625.689215371,poor,5
4612,Village B,1469806.9538523094,average,0
4613,Village A,1796433.091371558,good,3
4614,Village C,2158548.6367985588,average,1
4615,Village C,2006952.9076074772,average,5
4616,Village B,2615844.161388308,average,5
4617,Village C,1837648.6046887247,average,5
4618,Village A,1570157.5511869665,average,2
4619,Village C,1271484.0903341854,poor,0
4620,Village B,1288100.5215287344,poor,0
4621,Village B,1769519.0132829607,good,3
4622,Village B,1000277.9291108979,poor,5
4623,Village A,1614488.069595968,poor,5
4624,Village A,1490567.552098058,average,3
4625,Village A,1135951.4717488561,average,0
4626,Village A,974404.8535169092,average,3
4627,Village A,2762358.7508659204,poor,3
4628,Village C,801714.4168908545,good,3
4629,Village A,1466120.7178266922,average,3
4630,Village A,2111291.9040786033,good,3
4631,Village C,1764528.432464139,poor,4
4632,Village A,1263232.2220221695,poor,4
4633,Village B,903926.432227331,poor,5
4634,Village A,1564893.221629762,poor,5
4635,Village A,300000.0,poor,4
4636,Village B,1584933.5301979342,poor,0
4637,Village B,1517413.29344727,average,2
4638,Village B,2035060.9642632997,average,0
4639,Village B,928330.1284577836,average,5
4640,Village A,1338264.300076967,poor,4
4641,Village B,1718450.8234187588,poor,0
4642,Village B,1602783.879351781,poor,2
4643,Village C,828676.7515447902,poor,3
4644,Village B,1176249.1348080589,poor,1
4645,Village B,2199955.780115697,average,4
4646,Village C,1629663.1926455577,good,4
4647,Village C,667941.9260113853,good,2
4648,Village A,1941616.0733386683,average,3
4649,Village C,700367.6369736098,good,3
4650,Village A,1346489.7511936242,average,1
4651,Village C,1781638.277288239,good,3
4652,Village C,2106852.940009368,average,2
4653,Village A,331037.8811696004,average,5
4654,Village C,1855795.0537353489,average,3
4655,Village A,1930862.3200252333,poor,5
4656,Village C,1221492.265920935,average,5
4657,Village B,1545454.544717175,good,2
4658,Village C,300000.0,average,4
4659,Village A,300000.0,poor,4
4660,Village C,2054266.3600041273,poor,4
4661,Village A,1230552.3855070155,good,0
4662,Village A,1326893.8842489305,good,4
4663,Village B,1617338.201847013,poor,2
4664,Village B,1317033.8946115638,good,1
4665,Village A,1270653.9332315256,good,3
4666,Village C,1697244.5309550248,poor,4
4667,Village A,752231.8711603059,good,0
4668,Village A,2079958.8259302967,poor,5
4669,Village C,1384874.9875628233,average,0
4670,Village C,997170.7496295635,average,2
4671,Village C,929895.1577388342,average,1
4672,Village C,1521325.9432276615,average,4
4673,Village A,1346821.1451108116,poor,4
4674,Village A,725579.9627406202,good,0
4675,Village B,1199082.4473109317,good,2
4676,Village A,1095400.4985585918,average,0
4677,Village C,2130928.2682604347,average,0
4678,Village B,1565226.2074858712,poor,1
4679,Village C,2284669.7141852793,average,2
4680,Village A,1145012.887816371,good,1
4681,Village B,1354434.055627985,poor,2
4682,Village C,1693276.612617857,good,4
4683,Village B,1802066.305287017,good,3
4684,Village B,1860495.5362264826,average,5
4685,Village A,1056095.223783262,average,3
4686,Village C,1070160.4315047024,average,2
4687,Village B,1322289.8642564118,average,3
4688,Village B,2240453.432042799,poor,0
4689,Village C,999658.4082842319,good,4
4690,Village B,1236537.4969216727,average,5
4691,Village B,1864928.9572115934,average,5
4692,Village B,1838177.13237441,average,5
4693,Village C,1777709.1839089599,poor,4
4694,Village C,1540421.7903896512,poor,3
4695,Village C,967433.189225132,good,5
4696,Village C,1154612.0355489322,poor,5
4697,Village A,2063245.0879644752,average,2
4698,Village B,1886818.6666278709,poor,0
4699,Village C,832507.546112267,poor,2
4700,Village B,1934728.814852411,poor,3
4701,Village B,2154389.219382168,good,4
4702,Village A,1526915.3943568356,average,4
4703,Village C,1713140.5903398034,average,2
4704,Village C,2005742.5927881044,good,1
4705,Village B,1152141.801918799,poor,2
4706,Village C,2664798.90231074,poor,1
4707,Village B,2111538.9893232663,average,2
4708,Village B,1762014.0736017309,average,1
4709,Village A,1482746.0779076442,poor,1
4710,Village A,1747388.7223068736,good,5
4711,Village A,719858.7506677775,good,5
4712,Village B,2541043.883954809,poor,1
4713,Village C,2064445.7867211748,poor,1
4714,Village A,2232006.7984011276,good,0
4715,Village C,1515378.5818418462,poor,1
4716,Village A,1319855.4019601862,poor,5
4717,Village A,1162846.3983248621,average,1
4718,Village B,1906787.3044234032,average,4
4719,Village A,1243726.4601718646,average,0
4720,Village A,1406321.5334076465,poor,1
4721,Village B,1773199.563337625,average,5
4722,Village C,1170335.8415818308,average,5
4723,Village A,2021973.381991595,poor,3
4724,Village B,1491129.4610550727,poor,5
4725,Village A,745940.340852014,average,0
4726,Village B,1164998.660615836,good,5
4727,Village C,2154092.724985132,good,4
4728,Village C,1031498.7433188086,poor,2
4729,Village B,1947038.7436188094,average,4
4730,Village B,1560836.718347286,average,4
4731,Village B,1414149.849135443,good,0
4732,Village C,2756297.075391637,average,0
4733,Village A,857891.8785351728,poor,3
4734,Village C,1129933.1975051085,average,5
4735,Village B,1488284.9655082962,poor,3
4736,Village B,2707874.696025042,poor,0
4737,Village C,1489449.4116038461,average,5
4738,Village B,1637126.469277726,good,0
4739,Village C,1332082.2502066821,poor,0
4740,Village B,1679314.2892809517,average,2
4741,Village A,1363091.2966817692,poor,4
4742,Village A,1847661.3022166276,good,3
4743,Village B,1887093.6632427473,average,3
4744,Village C,1382947.4185859005,poor,1
4745,Village A,937259.980951968,poor,2
4746,Village C,1546784.923512868,poor,0
4747,Village B,2201060.874210583,poor,0
4748,Village C,1086669.7031103952,poor,2
4749,Village A,1666958.4451966505,average,5
4750,Village C,897129.7849936913,poor,3
4751,Village C,980096.3327617373,average,0
4752,Village B,2150182.917651494,poor,1
4753,Village B,1845766.6913246398,average,3
4754,Village B,1674482.5650192138,poor,4
4755,Village A,339113.3678458524,poor,2
4756,Village A,1223553.5642816469,average,3
4757,Village B,1803407.0015433435,poor,4
4758,Village B,775467.246039505,good,1
4759,Village A,1323057.3050457016,average,5
4760,Village A,1883326.8553096587,average,2
4761,Village A,744430.6433275971,poor,5
4762,Village A,660356.7065256017,poor,0
4763,Village B,753085.9418779102,average,5
4764,Village A,1667242.605805756,average,0
4765,Village B,1221500.735568549,poor,4
4766,Village C,1939024.3132315574,poor,3
4767,Village C,1560509.1926173074,poor,1
4768,Village A,2440267.35896902,average,4
4769,Village C,881258.9008753259,poor,1
4770,Village C,1665885.8525545492,average,5
4771,Village C,1102392.614487675,poor,1
4772,Village A,1800106.3495740148,average,5
4773,Village A,1559967.94513642,poor,1
4774,Village C,1003439.5880898096,average,2
4775,Village B,1421423.876945562,poor,4
4776,Village C,1536549.0386058255,poor,2
4777,Village A,1200345.5300023875,poor,3
4778,Village A,1863583.6074917885,poor,3
4779,Village A,984453.6916655427,poor,0
4780,Village C,2545504.2790165814,good,0
4781,Village B,1976845.1503134274,good,0
4782,Village A,1674370.559526768,poor,3
4783,Village A,2922657.137348595,good,1
4784,Village C,1345350.5870533674,average,5
4785,Village B,1805687.9337821736,poor,1
4786,Village C,1611340.231799604,good,4
4787,Village A,1898733.846603912,good,3
4788,Village B,2248058.1835333104,good,5
4789,Village B,1774474.6883056797,poor,5
4790,Village A,2020896.9476575996,poor,5
4791,Village B,1224806.0048267043,average,0
4792,Village B,1396924.9257681007,average,5
4793,Village C,2319143.780131502,poor,5
4794,Village A,1798428.0817646799,good,3
4795,Village A,1624161.8224290942,average,1
4796,Village A,1123377.8954582415,poor,1
4797,Village A,1983298.0405674751,average,2
4798,Village A,1109267.2895087698,average,2
4799,Village B,961917.072114947,poor,4
4800,Village C,1557462.8755144605,good,3
4801,Village A,300000.0,poor,2
4802,Village C,1805538.3581854873,poor,2
4803,Village C,1688472.098370644,good,3
4804,Village B,1323598.2206820697,good,1
4805,Village A,1368940.9207199814,good,4
4806,Village B,1440339.5476668007,good,4
4807,Village A,1105436.3112263293,average,4
4808,Village B,1592286.3137491466,good,2
4809,Village C,1375302.5348072425,poor,1
4810,Village A,1556226.0766443093,average,4
4811,Village C,1422135.7073326283,average,3
4812,Village C,1323735.6637543763,poor,4
4813,Village B,1639246.3117188185,average,0
4814,Village A,1890549.9214657552,average,1
4815,Village C,1237615.4274160513,average,0
4816,Village B,1697736.6458229788,poor,1
4817,Village A,1759715.2052570954,good,5
4818,Village A,858068.0589967148,poor,3
4819,Village C,1988272.2375769042,poor,5
4820,Village A,2528225.665327994,good,2
4821,Village C,1455952.1546687272,average,2
4822,Village A,1414402.295647985,poor,5
4823,Village B,1393496.919202326,poor,1
4824,Village C,1810302.8773996518,average,4
4825,Village C,1755389.263324906,good,0
4826,Village A,704669.398839573,good,3
4827,Village A,1066939.474882919,average,4
4828,Village C,1753656.4249458436,poor,2
4829,Village A,1427489.1150601245,poor,4
4830,Village B,916941.0463802401,poor,5
4831,Village A,2250130.0901440084,poor,5
4832,Village B,1100143.36687101,poor,0
4833,Village B,1517888.560998464,poor,2
4834,Village B,1414240.4442855134,average,1
4835,Village B,960655.599524721,poor,3
4836,Village B,1592477.4010902166,average,5
4837,Village A,1696053.44174971,good,3
4838,Village B,1266161.9840851862,average,2
4839,Village A,1331903.8678052588,average,1
4840,Village B,1800243.5213813067,average,5
4841,Village C,512430.867168306,poor,0
4842,Village B,1077498.0748761394,poor,3
4843,Village C,1606717.4482661895,poor,2
4844,Village B,1236630.6365049419,poor,3
4845,Village B,1229485.4681352742,average,1
4846,Village B,1950846.2730980844,good,0
4847,Village C,1183337.858981159,good,1
4848,Village C,2489589.125556912,poor,5
4849,Village B,622743.711055541,good,4
4850,Village A,394003.0833889658,poor,1
4851,Village B,1939468.0807342287,good,1
4852,Village C,1008024.370313976,poor,3
4853,Village B,1016463.2058635028,poor,1
4854,Village C,1992366.6369098385,poor,2
4855,Village C,1251365.7069767695,good,5
4856,Village C,1955180.9079324524,poor,3
4857,Village B,1194794.0286237705,poor,3
4858,Village C,1681265.7609876532,good,4
4859,Village C,1244288.7600107894,good,5
4860,Village B,1040093.8620648559,poor,2
4861,Village C,2365300.678767359,average,5
4862,Village B,2058231.088179913,poor,1
4863,Village C,1136679.65853366,poor,4
4864,Village A,1410801.9815927807,average,2
4865,Village A,2238113.39920564,poor,4
4866,Village C,1005889.7924692391,average,5
4867,Village A,1032945.9815959558,average,0
4868,Village B,1735030.2361524273,average,5
4869,Village A,2635247.2801306103,average,1
4870,Village C,1526915.7759337248,average,4
4871,Village C,2024905.6197433504,poor,0
4872,Village B,991280.121855666,poor,1
4873,Village C,1680526.1709680168,average,4
4874,Village B,1320192.6440742195,average,4
4875,Village A,2433312.5393133746,average,5
4876,Village A,2299345.4222065653,average,4
4877,Village B,2639708.3684256813,poor,4
4878,Village B,1152255.355451296,average,3
4879,Village C,1517749.1037029708,poor,4
4880,Village A,1687583.4621620306,good,5
4881,Village B,1171766.1818370577,average,3
4882,Village A,1565527.5998637015,poor,3
4883,Village B,1954489.0181794148,average,0
4884,Village A,1224817.2361342479,good,1
4885,Village C,1148321.7701314872,poor,3
4886,Village A,1115172.1119150668,average,2
4887,Village A,828148.8076056561,average,3
4888,Village A,1926996.4335467587,average,2
4889,Village A,1147165.83213706,poor,0
4890,Village A,1094446.3348756,average,2
4891,Village C,1764534.9175863701,good,0
4892,Village B,1494691.9895587428,good,0
4893,Village A,1237234.8199474516,average,0
4894,Village C,1905314.4053330012,good,2
4895,Village A,1217276.9340462883,average,2
4896,Village A,411524.5138530275,poor,0
4897,Village B,2166621.4943529065,average,0
4898,Village A,1085902.2621553359,poor,1
4899,Village C,1140522.9105723675,poor,0
4900,Village C,1142731.4695109753,average,4
4901,Village B,1529800.494487318,good,1
4902,Village A,1362878.7713968547,average,1
4903,Village C,1994035.5564290693,average,1
4904,Village A,2322556.996255202,poor,4
4905,Village A,1160400.2607838162,poor,1
4906,Village A,1030996.2879841247,poor,1
4907,Village B,1239049.3126564147,average,2
4908,Village A,1719529.1456601517,poor,5
4909,Village C,1441819.5156187091,poor,2
4910,Village A,1249794.2448952429,poor,0
4911,Village C,851494.7516167684,average,0
4912,Village A,395555.57859978406,good,3
4913,Village C,997641.2223992837,average,5
4914,Village C,2132207.9309259397,poor,4
4915,Village A,1717996.3865320985,poor,2
4916,Village A,1404232.3386312332,poor,0
4917,Village C,1864893.3982786946,poor,4
4918,Village B,856058.4224492904,poor,1
4919,Village A,1528375.025777811,poor,4
4920,Village B,606822.4378300288,poor,2
4921,Village A,1673009.5130767412,poor,5
4922,Village A,1629757.5880227142,poor,3
4923,Village A,1641654.1115943242,average,2
4924,Village A,2083809.0399799128,good,5
4925,Village B,1887997.3982645553,good,0
4926,Village A,895543.1923363678,poor,0
4927,Village C,2091359.6639403389,poor,4
4928,Village C,1395274.0258406682,good,2
4929,Village B,514925.7491677328,poor,0
4930,Village A,1445622.1875460977,good,1
4931,Village C,1823564.5450711725,average,1
4932,Village B,993074.0515270239,good,3
4933,Village A,2166429.1218535947,good,4
4934,Village C,1038341.7204239187,average,0
4935,Village C,1259454.0212321896,average,3
4936,Village B,1167631.2321294653,poor,1
4937,Village A,645511.8944100955,poor,3
4938,Village A,1003433.1886398178,poor,3
4939,Village C,1144070.347747115,poor,0
4940,Village C,1434947.2330768083,poor,0
4941,Village C,300000.0,poor,0
4942,Village A,1858276.5116799143,good,4
4943,Village B,1853336.8507218356,poor,3
4944,Village B,2090730.6227946887,poor,3
4945,Village A,754172.2609582994,poor,4
4946,Village B,1353584.2900840822,average,1
4947,Village C,1970717.8100747794,poor,2
4948,Village B,2013747.908863938,good,1
4949,Village B,2239465.4691262776,average,4
4950,Village B,1551357.487286105,average,3
4951,Village C,1472013.0710290733,poor,3
4952,Village A,721025.40190583,average,0
4953,Village C,2032438.097113655,good,0
4954,Village A,1269842.8791669763,poor,3
4955,Village A,1516970.488717865,poor,3
4956,Village A,1483585.2863780113,poor,5
4957,Village B,302673.8707839565,good,0
4958,Village B,1094272.1379816416,poor,0
4959,Village A,1726940.6850182568,good,1
4960,Village A,1475707.0986094081,poor,3
4961,Village B,1730911.487918205,average,3
4962,Village C,1891923.4701556922,average,4
4963,Village A,1088379.7096787596,poor,1
4964,Village C,1242424.8596770975,poor,2
4965,Village B,1429406.4372206,poor,2
4966,Village A,1886749.4772720784,poor,2
4967,Village C,1382950.98089652,good,5
4968,Village C,609451.422985562,poor,0
4969,Village C,1400908.5643274663,average,2
4970,Village B,1866635.2254843523,poor,4
4971,Village B,2178509.7114091488,poor,0
4972,Village C,1640287.9620923868,average,0
4973,Village C,757001.6618003509,average,2
4974,Village B,1296814.627092468,poor,0
4975,Village C,1737528.5738446012,average,1
4976,Village C,1933107.3790786355,poor,1
4977,Village B,1753535.7936115724,good,2
4978,Village C,1374196.2309759038,poor,4
4979,Village C,1929257.7148878002,poor,0
4980,Village C,1179717.453702467,average,3
4981,Village B,1592324.5364370688,poor,2
4982,Village C,1874893.7059533673,poor,5
4983,Village B,1788317.903501783,poor,0
4984,Village B,1799547.4851126368,good,2
4985,Village A,1786957.4968100858,good,2
4986,Village A,975653.0613536848,average,4
4987,Village C,1508778.7749649126,average,3
4988,Village B,1045377.2707789708,average,0
4989,Village A,1355262.9718235002,poor,2
4990,Village C,915580.0349979037,poor,2
4991,Village A,1672483.353175977,good,0
4992,Village A,517424.1264096927,poor,2
4993,Village B,1808640.5963042327,poor,2
4994,Village B,1507673.8939095156,good,2
4995,Village A,2451079.822038767,average,1
4996,Village A,1397699.9239893942,poor,1
4997,Village B,1397551.6514023424,poor,3
4998,Village C,1841266.1412647036,average,4
4999,Village B,1426753.6427107796,average,0
5000,Village A,1637416.403649961,poor,4
